Species,Parameter,DAF,Reference,Obs,Quote,DOI,link,Cluster,Data_curator,GA(H+14)
Mouse,GE volume peak,15.75,"Charvet et al., 2017",,"""The GE peak size occurs between the ages of ED 15.5 to ED 16 in mice, ED 80 in the macaque, and between GW 21 and 27 in humans. The growth trajectories from high-resolution diffusion MR scans also demonstrate that the peak in GE size occurs between GW 20 and GW 21 in humans (figure 5)""",https://doi.org/10.1098/rspb.2017.1169,,Brain,Cottam 2024,
Mouse,Cortical proliferative zone volume peak,15.0,"Charvet et al., 2017",,"""The peak size of the CPP occurs between ED 14.5 and 15.5 in mice, on approximately ED 90 in macaques and on ED 182 in humans.""",https://doi.org/10.1098/rspb.2017.1169,,Brain,Cottam 2024,
Human,GE volume peak,154.0,"Charvet et al., 2017",,"""The GE peak size occurs between the ages of ED 15.5 to ED 16 in mice, ED 80 in the macaque, and between GW 21 and 27 in humans. The growth trajectories from high-resolution diffusion MR scans also demonstrate that the peak in GE size occurs between GW 20 and GW 21 in humans (figure 5)""",https://doi.org/10.1098/rspb.2017.1169,,Brain,Cottam 2024,168.0
Human,Cortical proliferative zone volume peak,168.0,"Charvet et al., 2017",,"""The peak size of the CPP occurs between ED 14.5 and 15.5 in mice, on approximately ED 90 in macaques and on ED 182 in humans.""",https://doi.org/10.1098/rspb.2017.1169,,Brain,Cottam 2024,182.0
Mouse,Corpus callosum peak volume,30.0,"Charvet et al., 2020",,figure 4,https://doi.org/10.1093/cercor/bhz178,,Brain,Cottam 2024,
Human,Corpus callosum peak volume,905.78,"Charvet et al., 2020","The number in humans is slightly different, probably due to differences in how gestational age is managed.",figure 4,https://doi.org/10.1093/cercor/bhz178,,Brain,Cottam 2024,
Mouse,Eruption of M2 mandible and maxilla (M/ F),38.5,"Cohn, 195",,table 1,https://doi.org/10.1002/aja.1001010205,,Body,Cottam 2024,
Rat,Eruption of M2 mandible and maxilla (M/ F),42.0,"Denes et al., 2018",,"""The first molar erupts on average on day 17, the second molar on day 20, """,https://doi.org/10.1177/0023677217750410,,Body,Cottam 2024,
Rat,Auditory startle reaction,32.5," Rybalko et al., 2015",,"""First ASRs appeared on P10–P11 to intense low-frequency
tones.""",https://doi.org/10.1016/j.bbr.2015.02.046,,Brain,Cottam 2024,
Mouse,Auditory startle reaction,31.0,"Fox, 1965",,"""The development of the organs of special sense
was delayed until 10 to 12 days of age when the
first auditory startle responses could be detected.""",https://doi.org/10.1016/0003-3472(65)90041-2,,Brain,Cottam 2024,
Human,Auditory startle reaction,154.0, DiPietro 2013,"The time and reference were modified for the human startle response because the reference was not original, and an earlier point was found where the startle was detected.","""As a group, fetuses exhibited a transient increase in movement at both 24 weeks (β = .10,
SE = .03, t = 3.02, p b .01) and 36 weeks of gestation (β = .12, SE = .03, t = 4.19,""",http://dx.doi.org/10.1016/j.jpsychores.2013.07.008,,Brain,Cottam 2024,168.0
Rat,Eruption M3 (F),55.3,"Denes et al., 2018","Some data were deleted because they were not found in the references, in addition to being somewhat redundant.",table 2 ,https://doi.org/10.1177/0023677217750410,,Body,Cottam 2024,
Rat,Eruption M3 (M),55.6,"Denes et al., 2018","Some data were deleted because they were not found in the references, in addition to being somewhat redundant.",table 2 ,https://doi.org/10.1177/0023677217750410,,Body,Cottam 2024,
Human,Eruption M3 (F),7754.200000000001,"Holly Smith et al., 1994","Some data were deleted because they were not found in the references, in addition to being somewhat redundant.",TABLE A65,https://doi.org/10.1002/ajpa.1330370608,,Body,Cottam 2024,
Human,Eruption M3 (M),7754.200000000001,"Holly Smith et al., 1994","Some data were deleted because they were not found in the references, in addition to being somewhat redundant.",TABLE A65,https://doi.org/10.1002/ajpa.1330370608,,Body,Cottam 2024,
Rat,DCX/Prox1 reach 50% of granule cells,32.0,"Radic et al., 2017",The values added by Cottam were modified as they did not match those reported by the reference,"""While for mice, t50%Prox1 was at 14 days, in the rat, it was at 10 days""",https://doi.org/10.3389/fnana.2017.00104,,Brain,Cottam 2024,
Rat,Calbindin/Prox1 reach 50% of granule cells,36.0,"Radic et al., 2017",The values added by Cottam were modified as they did not match those reported by the reference,"n the mouse t50%Prox1 for Prox1-positive GCs expressing CB was 19 days, while in the rat, t50%Prox1 occurred at 14 days ",https://doi.org/10.3389/fnana.2017.00104,,Brain,Cottam 2024,
Mouse,DCX/Prox1 reach 50% of granule cells,34.0,"Radic et al., 2017",The values added by Cottam were modified as they did not match those reported by the reference,"""While for mice, t50%Prox1 was at 14 days, in the rat, it was at 10 days""",https://doi.org/10.3389/fnana.2017.00104,,Brain,Cottam 2024,
Mouse,Calbindin/Prox1 reach 50% of granule cells,39.0,"Radic et al., 2017",The values added by Cottam were modified as they did not match those reported by the reference,"n the mouse t50%Prox1 for Prox1-positive GCs expressing CB was 19 days, while in the rat, t50%Prox1 occurred at 14 days ",https://doi.org/10.3389/fnana.2017.00104,,Brain,Cottam 2024,
Rat,Climb onset,35.0,"Altman and Sudarshan, 1975",The dates had to be modified to maintain consistency with the source.,"fig 12  ,The tendency of pups to return to their home cage or rejoin siblings when isolated was the motivation used to elicit locomotion over complex passageways. Specifically, we were interested in the maturation of balancing skills (a) as the animal is called upon to traverse paths of different widths and bars rotating at different speeds, (b) in the emergence of climbing and descending skills on inclines, ropes or rods,",https://doi.org/10.1016/0003-3472(75)90114-1,,Brain,Cottam 2024,
Mouse,Climb onset,37.0,"Williams and Scott, 1953",The dates had to be modified to maintain consistency ,By the 17th day they are able to climb effectively on thefood hopper and other horizontal wire in the living box.,https://doi.org/10.1163/156853954x00031,,Brain,Cottam 2024,
Rat,Crawl onset,30.0," Altman and Sudarshan, 1975",,"Crawling. By day 8 the head is raised from the ground for a few seconds, the digits of the forelimb are flexed slightly and are parted from each other when the body, and when
the forelimb is ralsed, the digits move close together but trcome parta again the animal puts down its paw. Sometimes hindlimbs
are passive and pivoting ensues; at Other times they provide some propulsion, the paws making paddling movements, and crawling results.",https://doi.org/10.1016/0003-3472(75)90114-1,,Brain,Cottam 2024,
Mouse,Crawl onset,20.0,"Williams and Scott, 1953",,of all legs. Crawling over the litter and burrowing into it occurs almost immediately after birth.,https://doi.org/10.1163/156853954x00031,,Brain,Cottam 2024,
Human,Crawl onset,509.6,"Carruth and Skinner, 2002",The dates had to be modified to maintain consistency ,"xamples of gross motor skills (age in months, _x0002_ SD) included",https://doi.org/10.1080/07315724.2002.10719199,,Brain,Cottam 2024,517.0
Rat,Run onset,38.0,"Altman and Sudarshan, 1975",The dates had to be modified to maintain consistency ,by day 16 the gingerly-type of walking is replaced by fast running with rare hindlimb slips,https://doi.org/10.1016/0003-3472(75)90114-1,,Brain,Cottam 2024,
Rat,Jumping onset,29.5,"Altman and Sudarshan, 1975",The dates had to be modified to maintain consistency ," Jumping stills. In one experiment animals were
 placed from day 6 on a pedestal situated above
 their home cage at heights of 7-5, 20, 35 and 50
 cm.- Each animal was given a single trial- in
 ascending order at each of the heights every day .
 rope and was seen only occasionally in a few
 animals on day 21 (Fig. 19C). In this situation,
 as on the ladder, successful descending matured
 later than ascending.
 A few pups jumped from a height of 7.5 cm
 on the first trial and, with variable consistency,
 the majority did so by day 9.",https://doi.org/10.1016/0003-3472(75)90114-1,,Brain,Cottam 2024,
Mouse,Run onset,30.5,"Williams and Scott, 1953",,"PERIOD 11. TRANSITION. FROM FIVE TO ELEVEN DAYS
(first appearance of hair coat to 0Fning of eyes)
The transition period is marked by changes in sensory and motor capacities
which make possible the development Of adult patterns Of trhavior. The
first noticeable changes in this pericxl are the respnse to sound and the
appearance of tx-»dy hair. At its end the eyes are usually partially open,
though not efficiently functionin . The startle reaction to sound has appeared,
and the ani mals can walk and . Though the Stage has been s et, chan ges
in patterns Of social EAtavior are Slight.",https://doi.org/10.1163/156853954x00031,,Brain,Cottam 2024,
Mouse,Jumping onset,36.0,"Williams and Scott, 1953",The dates had to be modified to maintain consistency ,"Those raised in the large box were seen to be jumping efficiently by the 16th day,",https://doi.org/10.1163/156853954x00031,,Brain,Cottam 2024,
Rat,Pivot onset,24.0," Altman and Sudarshan, 1975",," Pivoting predominates during the
 second half of the first week",https://doi.org/10.1016/0003-3472(75)90114-1,,Brain,Cottam 2024,
Rat,Stand on hindlimbs onset,33.0,"Altman and Sudarshan, 1975",The dates had to be modified to maintain consistency ,"ound without losing its balance.
 Elevation of the hindlimbs and pelvis. The
 hindlimbs are not sufficiently mature at the
 end of the first week to support the weight of
 the pelvis . During the second half of the second
 week there is a sudden acceleration in functional
 maturation of the hindlimbs . Support by the
 paws and digits is first seen on days 10 to 12,",https://doi.org/10.1016/0003-3472(75)90114-1,,Brain,Cottam 2024,
Mouse,Pivot onset,24.5,"Williams and Scott, 1953",,A motor ability not apparent in the undisturbed animals is observed in four and five day Old mice when placed singly in a tub for purposes of sound stimulation. A pivot is the predominating activity and is accomplished mostly by the use of the forepaws and the joints of the rear legs which very weak. One is used to push the animal around while the Other,https://doi.org/10.1163/156853954x00031,,Brain,Cottam 2024,
Mouse,Stand on hindlimbs onset,30.5,"Williams and Scott, 1953",,By the eleventh day use of the hind feet for walking has developed.,https://doi.org/10.1163/156853954x00031,,Brain,Cottam 2024,
Rat,Cliff aversion onset,29.0,"Altman and Sudarshan, 1975",," Cliff avoldaoce. When an older rat pup is
 placed on the edge of a wooden platform with
 its nose and forefeet over the edge, it tends to
 move away from the `cliff' by backing up or by
 turning sideways. Fifty pups were observed
 from 1 to 9 days and their responses were scored
 as 0 (no response), 1 (response within 15 s),
 2 (10 s) and 3 (5 s). Few 1-day-old animals
 showed the swift response which emerged
 gradually and was displayed by the majority
 of animals from day 7 onward ",https://doi.org/10.1016/0003-3472(75)90114-1,,Brain,Cottam 2024,
Human,Cliff aversion onset,560.13," Richards and Rader, 1981",The dates had to be modified to maintain consistency ,"For
 those infants who avoided the deep side, the
 mean number of days of crawling experience
 was 46.23 (SD = 16.83) and the mean crawl
ing onset age was 247.3 days ",https://doi.org/10.1037//0096-1523.7.2.382,,Brain,Cottam 2024,567.53
Rat,Self-grooming onset,37.0,Manuel Salas 1991,"The data could not be found, so the entire citation was replaced.",fig2,https://doi.org/10.1016/0031-9384(91)90547-2,,Brain,Cottam 2024,
Mouse,Self-grooming onset,31.0,"Williams and Scott, 1953",The dates had to be modified to maintain consistency ,"PERIOD II. TRANSITION. FROM FIVE TO ELEVEN DAYS 
are observed to burrow into shavings if out Of the nest. Abilities
resuiting in eificient grooming behavior such as the hind leg ear-scratching
reflex, licking on forepaws and sctubbing of noses and ears, and grasping
of rear legs with front ones are all highly developed by the end of this
period.",https://doi.org/10.1163/156853954x00031,,Brain,Cottam 2024,
Mouse,1st 7 rills chondrified and in contact with sternum,14.5,Otis and Brent 1954,,"Otis and Brent (1954), tabla 3, pág.48",https://doi.org/10.1002/ar.1091200104,,Body,Otis 1954,
Human,1st 7 rills chondrified and in contact with sternum,51.0,"Sensenig, E., 1949",," In 25-mm embrios» the rib is chondrificd through
out its extent and has come into contact with the
sternum;",PMID: 18130382,,Body,Otis 1954,
Mouse,1st and 2nd pharyngeal pouches,8.33,Otis and Brent 1954,,"Otis and Brent (1954), tabla 3, pág.43",https://doi.org/10.1002/ar.1091200104,,Body,Otis 1954,
Human,1st and 2nd pharyngeal pouches,23.0,"Heuser, C., 1930",,"p.139, 146- The second pharyngeal pouch also extends out and touches the ectoderm in a few sections. The first pharyngeal pouch on either side shows the invagination on the ventral surface at the lateral edge. (human embryo with 14 pairs of somites). ","Carnegie Contrib. to Embryol., 38: 135-154."," the book was not indexed, reachable at https://babel.hathitrust.org/cgi/pt?id=ien.35558002495063&view=1up&seq=207",Body,Otis 1954,
Mouse,1st cartilage in otic capsule,14.5,Otis and Brent 1954,,"Otis and Brent (1954), tabla 3, pág.47(Fig.23)",https://doi.org/10.1002/ar.1091200104,,Body,Otis 1954,
Human,1st cartilage in otic capsule,48.0,"Streeter,G., 1917b",,The main mass of the cartilaginous capsule of the ear matures into true cartilage when the human embryo reaches a length of 20 to 30 mm.(p.1),,,Body,Otis 1954,
Mouse,1st pharyngeal pouch,8.33,Otis and Brent 1954,,"Otis and Brent (1954), tabla 3, pág.42",https://doi.org/10.1002/ar.1091200104,,Body,Otis 1954,
Human,1st pharyngeal pouch,21.0,"Payne, F., 1925",,"p.120- A single pair of visceral pouches in the form of dorso-lateral outgrowths is present(figs.5, plate II and 10; p.126)","Carnegie Contrib. to Embryol., vol. 16: 115-124.","the book was not indexed, reachable at https://babel.hathitrust.org/cgi/pt?id=ien.35558002493753&view=1up&seq=161",Body,Otis 1954,
Mouse,3 bronchial areas in right lung,11.5,Otis and Brent 1954,,"Otis and Brent (1954), tabla 3, pág.45 (Fig.16)",https://doi.org/10.1002/ar.1091200104,,Body,Otis 1954,
Human,3 bronchial areas in right lung,35.0,Streeter 1948,,"Otis and Brent (1954), tabla 3, pág.45","Carnegie Contrib. to Embryol., 32: 133-203."," the book was not indexed, reachable at https://babel.hathitrust.org/cgi/pt?id=ien.35558002495147&view=1up&seq=221",Body,Otis 1954,
Mouse,3 pharyngeal pouches,9.625,Otis and Brent 1954,,"Otis and Brent (1954), tabla 3, pág.44",https://doi.org/10.1002/ar.1091200104,,Body,Otis 1954,
Human,3 pharyngeal pouches,25.0,"Girgis, A., 1926",J Anat. julio de 1926; 60 (parte 4): 382–410.1. PMID: 17104111,"p.391- On each of the lateral walls of the pharynx there are four oharyngeal pouches. The first two are deep  long grooves directed dorso ventrally and inclined towards the head end of the embryo. The third pouch is very small and its lateral wall does not reach the ectoderm of the 3rd groove.( see figure 5, p.392)",PMID: 17104111,,Body,Otis 1954,
Mouse,"3rd, 4th, 6th, aortic arches",10.5,Otis and Brent 1954,,"Otis and Brent (1954), tabla 3, pág.44",https://doi.org/10.1002/ar.1091200104,,Body,Otis 1954,
Human,"3rd, 4th, 6th, aortic arches",29.0,"Congdon, E. D., 1922",,"Otis and Brent (1954), tabla 3, pág.44","Carnegie Contrib. to Embryol., 14:47-110.",https://babel.hathitrust.org/cgi/pt?id=hvd.32044106252885&seq=65,Body,Otis 1954,
Mouse,"About 25%, of red blood cells enucleate",14.5,Otis and Brent 1954,,"Otis and Brent (1954), tabla 3, pág.48",https://doi.org/10.1002/ar.1091200104,,Body,Otis 1954,
Human,"About 25%, of red blood cells enucleate",56.0,"Thompson, E. , 1951",,"The most rapid change occurred in
embryos during the 9th week of development. At the end of
this week the non-nucleated cells have reached an average of
69 0/0, an increase of 60% over embryos at the end of the
8th week. Embryos in the 10th week of development showed
a further average increase of 25% in non-nucleated red blood
cells. ( p. 322)",https://doi.org/10.1002/ar.1091110304,,Body,Otis 1954,
Mouse,Allantois,7.25,Otis and Brent 1954,,"Otis and Brent (1954), tabla 3, pág.42",https://doi.org/10.1002/ar.1091200104,,Body,Otis 1954,
Human,Allantois,16.5,"Heuser, C. H., Rock, J., & Hertig, A. T. 1945",,"p.95- The yolk sac terminates in a shallow bay which is directed slightly to the right side of the embryonic axis. The allantois is attached near the mid-line of the bay. Except for a tiny isolated space in one section, the short proximal segment of the allantois is a solid cord of cells. See measurements and age of specimen p.95-96, table 4 and 6.",Contributions to embryology. v.31 yr.1945. p87,"the book was not indexed, reachable at https://babel.hathitrust.org/cgi/pt?id=uc1.31158001487791&view=1up&seq=134 ",Body,Otis 1954,
Mouse,Anterior cardinals,8.58,Otis and Brent 1954,,"Otis and Brent (1954), tabla 3, pág.42",https://doi.org/10.1002/ar.1091200104,,Body,Otis 1954,
Human,Anterior cardinals,23.0,"Heuser, C., 1930",,p.149- The primitive cephalic vein becomes reduced in caliber and beginse gradually to swing away from the medullary tube at the level of the first somite. In this caudal portion of the vessel it may be regarded as the anterior cardinal vein. It is joined near the ventrolateral border of the second somite by the posterior cardinal vein. (Human embryo with 14 pairs of somites),"Carnegie Contrib. to Embryol., 38: 135-154."," the book was not indexed, reachable at https://babel.hathitrust.org/cgi/pt?id=ien.35558002495063&view=1up&seq=207",Body,Otis 1954,
Mouse,Anterior limb bud,9.375,Otis and Brent 1954,,"Otis and Brent (1954), tabla 3, pág.43",https://doi.org/10.1002/ar.1091200104,,Body,Otis 1954,
Human,Anterior limb bud,26.0,Streeter 1942,,"p.246-  plate I,XII: In fig.10 the arm bud is beginning to appear, at the upper end of the longitudinal band of condensed mesoblast which will give origin to the ventrolateral musculature of the body wall. p.231- In the older members of the group a condensation representing the primordium of the arm bud can fairly well outlined. (26 +/- 1 days)","Carnegie Contrib. to Embryol., 80: 211-245.","the book was not indexed, reachable at https://babel.hathitrust.org/cgi/pt?id=uc1.31158003438107&view=1up&seq=339",Body,Otis 1954,
Mouse,Anterior limb tapered and curved appendage,11.5,Otis and Brent 1954,,"Otis and Brent (1954), tabla 3, pág.45 (Fig.15)",https://doi.org/10.1002/ar.1091200104,,Body,Otis 1954,
Human,Anterior limb tapered and curved appendage,29.0,Streeter 1945,,"Otis and Brent (1954), tabla 3, pág.45","Carnegie Contrib. to Embryol.,31: 27-63.","the book was not indexed, reachable at https://babel.hathitrust.org/cgi/pt?id=uc1.31158001487791&view=1up&seq=55",Body,Otis 1954,
Mouse,Anterior neuropore begins closure,8.75,Otis and Brent 1954,,"Otis and Brent (1954), tabla 3, pág.43",https://doi.org/10.1002/ar.1091200104,,Brain,Otis 1954,
Human,Anterior neuropore begins closure,23.0,Streeter 1942,,"p.215- Age group XI, 13 and 20 somites: This is the period of the formation and closure of the anterior neuropore. In the younger specimens of the group the fusion of the neural lips has extended forward to the region of the colliculi.","Carnegie Contrib. to Embryol., 80: 211-245.","the book was not indexed, reachable at https://babel.hathitrust.org/cgi/pt?id=uc1.31158003438107&view=1up&seq=331",Brain,Otis 1954,
Mouse,Anterior neuropore completely closed,9.04,Otis and Brent 1954,,"Otis and Brent (1954), tabla 3, pág.43",https://doi.org/10.1002/ar.1091200104,,Brain,Otis 1954,
Human,Anterior neuropore completely closed,25.0,Streeter 1942,,"p.215- Age group XI, 13 and 20 somites: The views shown in figures 13 to 16, plate I, XI, showing the appearance of the closure of the anterior neuropore...In the older specimens the neuropore is closing or has just completed its closure.","Carnegie Contrib. to Embryol., 80: 211-245.","the book was not indexed, reachable at https://babel.hathitrust.org/cgi/pt?id=uc1.31158003438107&view=1up&seq=339",Brain,Otis 1954,
Mouse,Anterior neuropore open in prosencephalon only,8.87,Otis and Brent 1954,,"Otis and Brent (1954), tabla 3, pág.43",https://doi.org/10.1002/ar.1091200104,,Brain,Otis 1954,
Human,Anterior neuropore open in prosencephalon only,24.0,Streeter 1942,,"p.215- Age group XI, 13 and 20 somites: This is the period of the formation and closure of the anterior neuropore. The views shown in figures 13 to 16, plate I, XI, illustrate details of the head and cardiac regions, showing the appearance of the closure of the anterior neuropore and the form and relationships of the central nervous system.","Carnegie Contrib. to Embryol., 80: 211-245.","the book was not indexed, reachable at https://babel.hathitrust.org/cgi/pt?id=uc1.31158003438107&view=1up&seq=339",Brain,Otis 1954,
Mouse,Aortic pulmonary septum complete,13.0,Otis and Brent 1954,,"Otis and Brent (1954), tabla 3, pág.46",https://doi.org/10.1002/ar.1091200104,,Body,Otis 1954,
Human,Aortic pulmonary septum complete,35.0,Streeter 1948,,"Otis and Brent (1954), tabla 3, pág.46","Carnegie Contrib. to Embryol., 32: 133-203."," the book was not indexed, reachable at https://babel.hathitrust.org/cgi/pt?id=ien.35558002495147&view=1up&seq=221",Body,Otis 1954,
Mouse,Beginning chondrification of centrum,12.0,Otis and Brent 1954,,"Otis and Brent (1954), tabla 3, pág.46",https://doi.org/10.1002/ar.1091200104,,Body,Otis 1954,
Human,Beginning chondrification of centrum,37.0,"Sensenig, E., 1949","No hay resumen disponible, aparece PMID sin archivo, el volumen del Carnegie no lo encuentro","Otis and Brent (1954), tabla 3, pág.46",PMID: 18130382,,Body,Otis 1954,
Mouse,Beginning intraventricular septum,10.5,Otis and Brent 1954,,"Otis and Brent (1954), tabla 3, pág.44( Fig.13)",https://doi.org/10.1002/ar.1091200104,,Body,Otis 1954,
Human,Beginning intraventricular septum,29.0,Streeter 1945,,"Otis and Brent (1954), tabla 3, pág.44","Carnegie Contrib. to Embryol.,31: 27-63.","the book was not indexed, reachable at https://babel.hathitrust.org/cgi/pt?id=uc1.31158001487791&view=1up&seq=55",Body,Otis 1954,
Mouse,Blastula,3.25,Otis and Brent 1954,,"Otis and Brent (1954), tabla 3, pág.42",https://doi.org/10.1002/ar.1091200104,,Body,Otis 1954,
Human,Blastula,4.5,Hertig and  Rock 1949,,"Fig. I.—A normal human blastula at approximately 4 1/2 days of age recovered from the
uterine cavity on the nineteenth day of the menstrual cycle. Carnegie No. 8663.",https://doi.org/10.1016/0002-9378(49)90203-3,,Body,Otis 1954,
Mouse,"Cartilage in "" stage 3 ""in fetal humerus",13.5,Otis and Brent 1954,,"Otis and Brent (1954), tabla 3, pág.47",https://doi.org/10.1002/ar.1091200104,,Body,Otis 1954,
Human,"Cartilage in "" stage 3 ""in fetal humerus",39.0,"Streeter, G., 1949",,"p.155- cartilage in phase 3 of its development is illustrated in figure 14, plate 2 and figure 16, plate 3. p.156- the various ranks of cartilage cells are seen as successive incoming waves....This succession is pictuured in the accompanying figure 3. Here the five phases of cartilage cells are mapped out as the respective ranks are distributed in the humerus.  See figure 4, XV.","Carnegie Contrib. to Embryol., 33"," the book was not indexed, reachable at https://babel.hathitrust.org/cgi/pt?id=ien.35558002495154&view=1up&seq=215",Body,Otis 1954,
Mouse,"Cartilage in "" stage 5 ""in fetal humerus",14.5,Otis and Brent 1954,,"Otis and Brent (1954), tabla 3, pág.47",https://doi.org/10.1002/ar.1091200104,,Body,Otis 1954,
Human,"Cartilage in "" stage 5 ""in fetal humerus",43.0,"Streeter, G., 1949",,"p.156- Cartilage tissue in phase 5 is characterized by advanced disintegration or liquefaction of the cells. Phase 5, cartilage cells desintegrated in varying degrees, to some extent the intercellular honeycomb is left with vacated compartments.(see figure 3, p. 157)","Carnegie Contrib. to Embryol., 33"," the book was not indexed, reachable at https://babel.hathitrust.org/cgi/pt?id=ien.35558002495154&view=1up&seq=215",Body,Otis 1954,
Mouse,Cephalic portions of umbilical veins atrophied,11.5,Otis and Brent 1954,,"Otis and Brent (1954), tabla 3, pág.45",https://doi.org/10.1002/ar.1091200104,,Body,Otis 1954,
Human,Cephalic portions of umbilical veins atrophied,29.0,"Richardson, K. 1937","encuentro un review pero no con DOI,","Otis and Brent (1954), tabla 3, pág.45","The embryology of veins. Thomas, Baltimore.",,Body,Otis 1954,
Mouse,Cerebral evagination,10.0,Otis and Brent 1954,,"Otis and Brent (1954), tabla 3, pág.44",https://doi.org/10.1002/ar.1091200104,,Brain,Otis 1954,
Human,Cerebral evagination,31.5,Streeter 1948,,"p.148- The cerebral evagination is now becoming definite, whereas one could only identify the region where it was to occur. See fig.6, XV. (Age group XV: the estimate of the ovulation age for most of the younger members of this group is placed at 31 days, and for the older ones at 32 days, p.139)","Carnegie Contrib. to Embryol., 32: 133-203."," the book was not indexed, reachable at https://babel.hathitrust.org/cgi/pt?id=ien.35558002495147&view=1up&seq=221",Brain,Otis 1954,
Mouse,Chondrification centers in ribs,13.0,Otis and Brent 1954,,"Otis and Brent (1954), tabla 3, pág.47(Fig.25)",https://doi.org/10.1002/ar.1091200104,,Body,Otis 1954,
Human,Chondrification centers in ribs,39.0,"Sensenig, E. 1949",,"The sequence of developnent of a rib follows the
same course as the described for the archea. In the
12 mm embryos of age group xvii, although no chondrification is observed the vertebral part and the rib shaft are diginguishable, the former being subivided
into capitular, túrcular, and neck parts, with the
latter separated from the overlying pedicles by a loose
area containing blood vessels. ",PMID: 18130382,https://babel.hathitrust.org/cgi/pt?id=ien.35558002495154&seq=9,Body,Otis 1954,
Mouse,Choroid fissure closed,12.0,Otis and Brent 1954,,"Otis and Brent (1954), tabla 3, pág.46",https://doi.org/10.1002/ar.1091200104,,Body,Otis 1954,
Human,Choroid fissure closed,37.0,"Bach, L. and Heefelder, R., 1911-1912",,"Otis and Brent (1954), tabla 3, pág.46","Anat. und Entwicklungsgeschichte, 75: 639-704.",,Body,Otis 1954,
Mouse,"Choroid plexus, IVth ventricle",12.5,Otis and Brent 1954,,"Otis and Brent (1954), tabla 3, pág.46",https://doi.org/10.1002/ar.1091200104,,Body,Otis 1954,
Human,"Choroid plexus, IVth ventricle",39.0,"Weed,L., 1917",,"Otis and Brent (1954), tabla 3, pág.46","Carnegie Contrib. to Embryol., 5: 116 pages.","the book was not indexed, reachable at https://babel.hathitrust.org/cgi/pt?id=ien.35558002493662&view=1up&seq=7",Body,Otis 1954,
Mouse,Completion of aortic pulmonary semilunars,14.5,Otis and Brent 1954,,"Otis and Brent (1954), tabla 3, pág.47",https://doi.org/10.1002/ar.1091200104,,Body,Otis 1954,
Human,Completion of aortic pulmonary semilunars,37.0,Streeter 1948,,p.192- The aortic and pulmonary valves could already be recognized in the preceding horizon.(See p.188 and 189 size and age Horizon XVIII),"Carnegie Contrib. to Embryol., 32: 133-203."," the book was not indexed, reachable at https://babel.hathitrust.org/cgi/pt?id=ien.35558002495147&view=1up&seq=221",Body,Otis 1954,
Mouse,Concentration of mesenchyme for ocular muscles,12.5,Otis and Brent 1954,,"Otis and Brent (1954), tabla 3, pág.46(Fig.18)",https://doi.org/10.1002/ar.1091200104,,Body,Otis 1954,
Human,Concentration of mesenchyme for ocular muscles,39.0,"Mann, I., 1928",,"Otis and Brent (1954), tabla 3, pág.46",https://doi.org/10.1136/bjo.12.9.449,,Body,Otis 1954,
Mouse,Condensation of mesenchyme around otic vesicle,11.5,Otis and Brent 1954,,"Otis and Brent (1954), tabla 3, pág.45 (Fig.17)",https://doi.org/10.1002/ar.1091200104,,Body,Otis 1954,
Human,Condensation of mesenchyme around otic vesicle,31.5,"Streeter, G., 1918",,"Otis and Brent (1954), tabla 3, pág.45","Carnegie Contrib.to Embryol., 7: 5-54."," the book was not indexed, reachable at      https://babel.hathitrust.org/cgi/pt?id=ien.35558002493670&view=1up&seq=9",Body,Otis 1954,
Mouse,Continuous fibrils in limb muscle,15.5,Otis and Brent 1954,,"Otis and Brent (1954), tabla 3, pág.48",https://doi.org/10.1002/ar.1091200104,,Body,Otis 1954,
Human,Continuous fibrils in limb muscle,53.0,"Hewer,E., 1935",J Anat. 1935 abril; 69 (parte 3): 369–379. PMID: 17104543,"8 weeks. The limb muscle cells are now begginning to possess fine muscle fibres showing fibrils and cross -striatons, these being particularly well seen in the muscles of the hand and in the foot and in the sole. ( Page 372)",PMID: 17104543,,Body,Otis 1954,
Mouse,Deep otic invagination,8.91,Otis and Brent 1954,,"Otis and Brent (1954), tabla 3, pág.43",https://doi.org/10.1002/ar.1091200104,,Body,Otis 1954,
Human,Deep otic invagination,25.0,Streeter 1942,,"p.215- The otic invagination can be recognized in most specimens as a slight depression. ( Age group XI, 13 to 20 somites)","Carnegie Contrib. to Embryol., 80: 211-245.","the book was not indexed, reachable at https://babel.hathitrust.org/cgi/pt?id=uc1.31158003438107&view=1up&seq=339",Body,Otis 1954,
Mouse,Dorsal aorta fuses,9.16,Otis and Brent 1954,,"Otis and Brent (1954), tabla 3, pág.43",https://doi.org/10.1002/ar.1091200104,,Body,Otis 1954,
Human,Dorsal aorta fuses,25.0,"Davis, C. 1923",,"p.39- The fusion is termed complete when the opening is of such a size as to obliterate the original bitubular condition. (p.40,figure 18)(age of ovum: p.8- see table 1)","Carnegie Contrib. to Embryol., 15: 1-51.","the book was not indexed, reachable at https://babel.hathitrust.org/cgi/pt?id=ien.35558002493746&view=1up&seq=11",Body,Otis 1954,
Mouse,Dorsal flexure disappears,9.0,Otis and Brent 1954,,"Otis and Brent (1954), tabla 3, pág.43",https://doi.org/10.1002/ar.1091200104,,Body,Otis 1954,
Human,Dorsal flexure disappears,26.0,Streeter 1942,,"p.215- It will be seen that the dorsal flexure occurs at the transition from the larger and more precocious cranial end of the neural tube to the smaller, newly closed tube that terminates in the posterior neuropore. This flexure can be seen in some degree in all specimens of 17 to 20 somites.","Carnegie Contrib. to Embryol., 80: 211-245.","the book was not indexed, reachable at https://babel.hathitrust.org/cgi/pt?id=uc1.31158003438107&view=1up&seq=339",Body,Otis 1954,
Mouse,Dorsal mesocardium disappears,8.87,Otis and Brent 1954,,"Otis and Brent (1954), tabla 3, pág.43",https://doi.org/10.1002/ar.1091200104,,Body,Otis 1954,
Human,Dorsal mesocardium disappears,26.0,"Wilson, J., 1945",,"p.10, model II represents the heart of embryos of about 23 days gestational age, with 8 to 11 pairs of somites. (Fig.6 and 7 see them on p.11). p.13- As a result of the disappearance off the mesocardium, the pericardial  cavity now extends uninterruptedly around the mid-region of the heart. ","Embryology of the human heart. Ward’s Natural Science Est., lac., Rochester, New York.","the book was not indexed, reachable at https://babel.hathitrust.org/cgi/pt?id=coo.31924003120734&view=1up&seq=9",Body,Otis 1954,
Mouse,Dorsal pancreatic constriction,9.625,Otis and Brent 1954,,"Otis and Brent (1954), tabla 3, pág.44",https://doi.org/10.1002/ar.1091200104,,Body,Otis 1954,
Human,Dorsal pancreatic constriction,26.0,Streeter 1942,,"p.232- Group XII ( 26 +/-1 day), sharply outlined fields of epithelial proliferative activity mark the location of such primary organs as liver, lung, stomach, and dorsal pancreas. p.233- Caudal to he stomach, one encounters an area of proliferation in the dorsal half of the gut epithelium which is to become the dorsal pancreas. This is sharply marked off from the adjacent gut wall, as can be seen in section D, figure 2, XII. (p.234)","Carnegie Contrib. to Embryol.,31: 27-63.","the book was not indexed, reachable at https://babel.hathitrust.org/cgi/pt?id=uc1.31158003438107&view=1up&seq=339",Body,Otis 1954,
Mouse,Elongate endolymphatic appendage with primordium of cochlear duct,11.0,Otis and Brent 1954,,"Otis and Brent (1954), tabla 3, pág.45",https://doi.org/10.1002/ar.1091200104,,Body,Otis 1954,
Human,Elongate endolymphatic appendage with primordium of cochlear duct,33.0,Streeter 1948,,"Otis and Brent (1954), tabla 3, pág.45","Carnegie Contrib. to Embryol., 32: 133-203."," the book was not indexed, reachable at https://babel.hathitrust.org/cgi/pt?id=ien.35558002495147&view=1up&seq=221",Body,Otis 1954,
Mouse,Elongation of posterior lens cells,11.5,Otis and Brent 1954,,"Otis and Brent (1954), tabla 3, pág.45",https://doi.org/10.1002/ar.1091200104,,Body,Otis 1954,
Human,Elongation of posterior lens cells,33.0,Streeter 1948,,"Otis and Brent (1954), tabla 3, pág.45","Carnegie Contrib. to Embryol., 32: 133-203."," the book was not indexed, reachable at https://babel.hathitrust.org/cgi/pt?id=ien.35558002495147&view=1up&seq=221",Body,Otis 1954,
Mouse,Endocardial cushions appear,9.75,Otis and Brent 1954,,"Otis and Brent (1954), tabla 3, pág.44( Fig.10)",https://doi.org/10.1002/ar.1091200104,,Body,Otis 1954,
Human,Endocardial cushions appear,26.0,Streeter 1942,,"p.237-to form the sinus venosus. The sinus at this
stage serves as a terminal venous regrvoir into which
blcx:xl from all partS Of the embryo is emptied. It
is separata from the right atrium by a narrow PS-
Sage, the sinoatrial foramen, which, reinforced by
the enclosing mycxardium and gelatinous cushions,
apFars to have the eñect Of hindering a backflow of
blcxxl on contraction of the atrial mycxardium (see
fig. 6, xii). ","Carnegie Contrib. to Embryol.,31: 27-63.","the book was not indexed, reachable at https://babel.hathitrust.org/cgi/pt?id=uc1.31158003438107&view=1up&seq=339",Body,Otis 1954,
Mouse,Endocardial cushions fused,11.0,Otis and Brent 1954,,"Otis and Brent (1954), tabla 3, pág.45",https://doi.org/10.1002/ar.1091200104,,Body,Otis 1954,
Human,Endocardial cushions fused,35.0,Streeter 1948,,"Otis and Brent (1954), tabla 3, pág.45","Carnegie Contrib. to Embryol., 32: 133-203."," the book was not indexed, reachable at https://babel.hathitrust.org/cgi/pt?id=ien.35558002495147&view=1up&seq=221",Body,Otis 1954,
Mouse,Epiphyseal evagination,11.5,Otis and Brent 1954,,"Otis and Brent (1954), tabla 3, pág.45",https://doi.org/10.1002/ar.1091200104,,Body,Otis 1954,
Human,Epiphyseal evagination,33.0,Streeter 1948,,"Otis and Brent (1954), tabla 3, pág.45","Carnegie Contrib. to Embryol., 32: 133-203."," the book was not indexed, reachable at https://babel.hathitrust.org/cgi/pt?id=ien.35558002495147&view=1up&seq=221",Body,Otis 1954,
Mouse,Epithelial cords in gonads (testis),12.5,Otis and Brent 1954,,"Otis and Brent (1954), tabla 3, pág.46",https://doi.org/10.1002/ar.1091200104,,Body,Otis 1954,
Human,Epithelial cords in gonads (testis),38.0,"Gillman, J., 1948",,"Otis and Brent (1954), tabla 3, pág.46","Carnegie Contrib. to Embryol., 32: 81-131."," the book was not indexed, reachable at https://babel.hathitrust.org/cgi/pt?id=ien.35558002495147&view=1up&seq=157",Body,Otis 1954,
Mouse,Epithelial cords in liver,9.625,Otis and Brent 1954,,"Otis and Brent (1954), tabla 3, pág.43(Fig.11)",https://doi.org/10.1002/ar.1091200104,,Body,Otis 1954,
Human,Epithelial cords in liver,29.0,Streeter 1942,,"p.220- The gut epithelium lies under the more dorsal part of the liver primordium,...,when we come to the next age group we meet with a distinct hepatid diverticulum, and the origin of hepatic epithelial cords that penetrate the mesodermic framework provided by coelomic wall. Fig. 18 shows the gut epithelium underlying the liver primordium shortly before the epithelial cords invad the liver mass.(Age group XI)","Carnegie Contrib. to Embryol., 80: 211-245.","the book was not indexed, reachable at https://babel.hathitrust.org/cgi/pt?id=uc1.31158003438107&view=1up&seq=339",Body,Otis 1954,
Mouse,Expansion of stomach area,11.5,Otis and Brent 1954,,"Otis and Brent (1954), tabla 3, pág.45",https://doi.org/10.1002/ar.1091200104,,Body,Otis 1954,
Human,Expansion of stomach area,31.5,Streeter 1948,,"Otis and Brent (1954), tabla 3, pág.45","Carnegie Contrib. to Embryol., 32: 133-203."," the book was not indexed, reachable at https://babel.hathitrust.org/cgi/pt?id=ien.35558002495147&view=1up&seq=221",Body,Otis 1954,
Mouse,Fibres of olfactory nerve enter brain,11.5,Otis and Brent 1954,,"Otis and Brent (1954), tabla 3, pág.45",https://doi.org/10.1002/ar.1091200104,,Body,Otis 1954,
Human,Fibres of olfactory nerve enter brain,38.0,"Pearson, A., 1941",,"Otis and Brent (1954), tabla 3, pág.45",https://doi.org/10.1002/cne.900750202,,Body,Otis 1954,
Human,First aortic arch,25.0,"Davis, C. 1923",,"p.39- The aortic arches spring from the ventral aorta...The first pair of aortic arches is complete (p.40,figure 18), the second nearly complete.(p.8- see table 1, age of ovum)","Carnegie Contrib. to Embryol., 15: 1-51.","the book was not indexed, reachable at https://babel.hathitrust.org/cgi/pt?id=ien.35558002493746&view=1up&seq=11",Body,Otis 1954,
Mouse,First aortic arch,8.54,Otis and Brent 1954,,"Otis and Brent (1954), tabla 3, pág.42",https://doi.org/10.1002/ar.1091200104,,Body,Otis 1954,
Human,First aortic arch,21.5,"Payne, F., 1925",,p.121- The endothelial tubes have fused at the junction of the first pair of aortic arches. p.122- A single pair of aortic arches leaves the anterior end of the heart. See plate 2-fig. 5 (p.127) : Correlation of a7 somite human embryo .,"Carnegie Contrib. to Embryol., vol. 16: 115-124.","the book was not indexed, reachable at https://babel.hathitrust.org/cgi/pt?id=ien.35558002493753&view=1up&seq=161",Body,Otis 1954,
Mouse,First intestinal villi appear,14.5,Otis and Brent 1954,,"Otis and Brent (1954), tabla 3, pág.47",https://doi.org/10.1002/ar.1091200104,,Body,Otis 1954,
Human,First intestinal villi appear,40.0,Johnson 1910,"reported as measurements of length, not age-time","p. 543- At 24 mm. the vacuoles have disappeared from the upper
half of the duodenum, but they are still present in the lower half.
In the upper half, well formed villi are present; in the lower half,
villi are seen which are fused together at their apices, but spaces
are seen between adjacent villi.",https://doi.org/10.1002/aja.1000100116,,Body,Otis 1954,
Mouse,Fusion of dorsal and ventral pancreas,11.5,Otis and Brent 1954,,"Otis and Brent (1954), tabla 3, pág.45",https://doi.org/10.1002/ar.1091200104,,Body,Otis 1954,
Human,Fusion of dorsal and ventral pancreas,35.0,Streeter 1948,,"Otis and Brent (1954), tabla 3, pág.45","Carnegie Contrib. to Embryol., 32: 133-203."," the book was not indexed, reachable at https://babel.hathitrust.org/cgi/pt?id=ien.35558002495147&view=1up&seq=221",Body,Otis 1954,
Mouse,Gall bladder slightly separated from liver diverticulum,9.625,Otis and Brent 1954,,"Otis and Brent (1954), tabla 3, pág.43",https://doi.org/10.1002/ar.1091200104,,Body,Otis 1954,
Human,Gall bladder slightly separated from liver diverticulum,26.0,Streeter 1942,,"p.235- The caudal part of the hepatic diverticulum becomes set off from the start, forming a subdivision of the diverticulum, and so constitutes the primordium of the cystic duct and gall bladder...A typical section throug the gall -bladder region is shown in figure 2,XII, section E. Thus already at this time this particular area of gut epithelium not only is specialized in respect to being assigned to the liver, but also is already determined as to which part will form liver cells and bile ducts and which part the gall bladder and cystic duct.","Carnegie Contrib. to Embryol.,31: 27-63.","the book was not indexed, reachable at https://babel.hathitrust.org/cgi/pt?id=uc1.31158003438107&view=1up&seq=339",Body,Otis 1954,
Mouse,Gut deflection forming primary intestinal loops,10.5,Otis and Brent 1954,,"Otis and Brent (1954), tabla 3, pág.44",https://doi.org/10.1002/ar.1091200104,,Body,Otis 1954,
Human,Gut deflection forming primary intestinal loops,29.0,Streeter 1945,,"Otis and Brent (1954), tabla 3, pág.44","Carnegie Contrib. to Embryol.,31: 27-63.","the book was not indexed, reachable at https://babel.hathitrust.org/cgi/pt?id=uc1.31158001487791&view=1up&seq=55",Body,Otis 1954,
Mouse,Head Process,7.0,Otis and Brent 1954,,"Otis and Brent (1954), tabla 3, pág.42",https://doi.org/10.1002/ar.1091200104,,Body,Otis 1954,
Human,Head Process,18.0,"Heuser, C. H., 1932",,"p.262- The axial band extending forward from the primitive note of Hensen is not strictly notochord, since during later transformations the ventral portion breaks down, and apparently it is only from the rearranged epithelium-like cells making up the dorsal wall of the chorda canal that the notochord takes its origin(Head-process). ..the time of ovulation in this case must have been on or about July 18. If it were on July 18, and if fertilization occured at once, the embryo would have a conception age of 18 days.",Contributions to embryology. v.31 yr.1945. p87,"the book was not indexed, reachable at https://babel.hathitrust.org/cgi/pt?id=uc1.31158006078835&view=1up&seq=309&q1=heuser",Body,Otis 1954,
Mouse,Hind gut pocket present,8.27,Otis and Brent 1954,,"Otis and Brent (1954), tabla 3, pág.42",https://doi.org/10.1002/ar.1091200104,,Body,Otis 1954,
Human,Hind gut pocket present,21.5,"Payne, F., 1925",,"p.120-  the hind gut is exceptionally short, being closed for a distance of only 75 microns.(general description of a seven somite human embryo)","Carnegie Contrib. to Embryol., vol. 16: 115-124.","the book was not indexed, reachable at https://babel.hathitrust.org/cgi/pt?id=ien.35558002493753&view=1up&seq=161",Body,Otis 1954,
Mouse,Implantation,4.5,Otis and Brent 1954,,"Otis and Brent (1954), tabla 3, pág.42",https://doi.org/10.1002/ar.1091200104,,Body,Otis 1954,
Human,Implantation,6.0,Hertig and  Rock 1945, Contrib Embryol. 1949 Feb;33(213-221):169-86. PMID: 18130387.,p.83- The human blastocyst probably implants when about 6 days of age on progestational endometrium that may vary from 20 to 22 days.,"Contrib. to Embryol., 32 : 65-84.","the book was not indexed, reachable at  https://babel.hathitrust.org/cgi/pt?id=uc1.c031131918&view=1up&seq=109",Body,Otis 1954,
Mouse,Indentation of lens vesicle ,10.5,Otis and Brent 1954,,"Otis and Brent (1954), tabla 3, pág.44( Fig.12)",https://doi.org/10.1002/ar.1091200104,,Body,Otis 1954,
Human,Indentation of lens vesicle ,29.0,Streeter 1945,,"Otis and Brent (1954), tabla 3, pág.44","Carnegie Contrib. to Embryol.,31: 27-63.","the book was not indexed, reachable at https://babel.hathitrust.org/cgi/pt?id=uc1.31158001487791&view=1up&seq=55",Body,Otis 1954,
Mouse,Inferior vena cava enters heart,12.5,Otis and Brent 1954,,"Otis and Brent (1954), tabla 3, pág.46",https://doi.org/10.1002/ar.1091200104,,Body,Otis 1954,
Human,Inferior vena cava enters heart,35.0,"McClure,C. and Butler, E., 1925",,"Otis and Brent (1954), tabla 3, pág.46",https://doi.org/10.1002/aja.1000350302,,Body,Otis 1954,
Mouse,Initial chondrification of neural process extending half around neural tube,12.0,Otis and Brent 1954,,"Otis and Brent (1954), tabla 3, pág.46",https://doi.org/10.1002/ar.1091200104,,Body,Otis 1954,
Human,Initial chondrification of neural process extending half around neural tube,37.0,"Sensenig, E., 1949","No hay resumen disponible, aparece PMID sin archivo, el volumen del Carnegie no lo encuentro","Otis and Brent (1954), tabla 3, pág.46",PMID: 18130382,,Body,Otis 1954,
Mouse,Initiation of aortic and pulmonary semilunars,13.5,Otis and Brent 1954,,"Otis and Brent (1954), tabla 3, pág.47",https://doi.org/10.1002/ar.1091200104,,Body,Otis 1954,
Human,Initiation of aortic and pulmonary semilunars,35.0,Streeter 1948,,p.143- It therefore seems possible that these two ventricular sacs may be the responsible factors in producing respectively the pulmonary and aortic currents. (Age of embryo: 32-34 days Group XV),"Carnegie Contrib. to Embryol., 32: 133-203."," the book was not indexed, reachable at https://babel.hathitrust.org/cgi/pt?id=ien.35558002495147&view=1up&seq=221",Body,Otis 1954,
Mouse,Initiation of aortic-pulmonary septum,11.3,Otis and Brent 1954,,"Otis and Brent (1954), tabla 3, pág.45",https://doi.org/10.1002/ar.1091200104,,Body,Otis 1954,
Human,Initiation of aortic-pulmonary septum,31.5,Streeter 1948,,"Otis and Brent (1954), tabla 3, pág.45","Carnegie Contrib. to Embryol., 32: 133-203."," the book was not indexed, reachable at https://babel.hathitrust.org/cgi/pt?id=ien.35558002495147&view=1up&seq=221",Body,Otis 1954,
Mouse,Initiation of atrio-ventricular valves,13.0,Otis and Brent 1954,,"Otis and Brent (1954), tabla 3, pág.46",https://doi.org/10.1002/ar.1091200104,,Body,Otis 1954,
Human,Initiation of atrio-ventricular valves,37.0,Streeter 1948,,"Otis and Brent (1954), tabla 3, pág.46","Carnegie Contrib. to Embryol., 32: 133-203."," the book was not indexed, reachable at https://babel.hathitrust.org/cgi/pt?id=ien.35558002495147&view=1up&seq=221",Body,Otis 1954,
Mouse,Inner neuroblastic layer of retina appears,13.0,Otis and Brent 1954,,"Otis and Brent (1954), tabla 3, pág.47",https://doi.org/10.1002/ar.1091200104,,Body,Otis 1954,
Human,Inner neuroblastic layer of retina appears,39.0,"Mann, I., 1928",,"p.450-It may be stated as a general rule that differentiation of nuclei begins in those nearest to the inner surface of the optic cup and spreads gradually outwards. This differentiation is accompained at first by migration of the nuclei towards the inner surface, so that,soon after the beginning of the process, two nuclear layers can be recognised, an inner composed of round nuclei, the inner neuroblastic layer, and and outer composed of oval nuclei. See it on p. 474,fig.23 (section through the retina of a human embryo ofm21 mm)",https://doi.org/10.1136/bjo.12.9.449,,Body,Otis 1954,
Mouse,Interdigital notches in hand plate,13.5,Otis and Brent 1954,,"Otis and Brent (1954), tabla 3, pág.47",https://doi.org/10.1002/ar.1091200104,,Body,Otis 1954,
Human,Interdigital notches in hand plate,37.0,Streeter 1948,,"p.138- Embryo XV- The active transformation occuring in the arm buds, in the group under consideration...In the present age group, as shown in plates 1 and 2, XV (p.152,153 and 155) one can recognize the development steps by wich the arm bud becomes regionally subdivided into a distal hand segment and a proximal arm and shoulder region.","Carnegie Contrib. to Embryol., 32: 133-203."," the book was not indexed, reachable at https://babel.hathitrust.org/cgi/pt?id=ien.35558002495147&view=1up&seq=221",Body,Otis 1954,
Mouse,Interventricular septum complete,13.0,Otis and Brent 1954,,"Otis and Brent (1954), tabla 3, pág.47",https://doi.org/10.1002/ar.1091200104,,Body,Otis 1954,
Human,Interventricular septum complete,38.0,"Kramer, T., 1942",,"p.343, 351- The arterial cones and the septum membranaceum completes the interventricular septum. By the end of the first month of development....about this time, also, two subendotelial thickenings are becoming evident in the narrowed part of the cardiac tube. Meanwhile, at the caudal border of the ventricular loop, a thickening is becoming evident which presages the formation of the interventricular septum.",https://doi.org/10.1002/aja.1000710303,,Body,Otis 1954,
Mouse,Lateral thyroid primordium,9.5,Otis and Brent 1954,,"Otis and Brent (1954), tabla 3, pág.43",https://doi.org/10.1002/ar.1091200104,,Body,Otis 1954,
Human,Lateral thyroid primordium,25.0,"Weller, G., 1933",,"p.103- Not until the embryo contains more than 20 somites is it possible to identify with certainly the lateral thyroid components. In this embryo, the histological changes in this region are indicate of only beginning proliferation of the lateral thyroid cells.","Carnegie Contrib. to Embryol., 24 : 93-139."," the book was not indexed, reachable at https://babel.hathitrust.org/cgi/pt?id=ien.35558002495089&view=1up&seq=121",Body,Otis 1954,
Mouse,Lens vesicle closed,11.0,Otis and Brent 1954,,"Otis and Brent (1954), tabla 3, pág.45",https://doi.org/10.1002/ar.1091200104,,Body,Otis 1954,
Human,Lens vesicle closed,31.5,Streeter 1948,,"Otis and Brent (1954), tabla 3, pág.45","Carnegie Contrib. to Embryol., 32: 133-203."," the book was not indexed, reachable at https://babel.hathitrust.org/cgi/pt?id=ien.35558002495147&view=1up&seq=221",Body,Otis 1954,
Mouse,Lens vesicles sinks below surface ephitelium,12.5,Otis and Brent 1954,,"Otis and Brent (1954), tabla 3, pág.46(Fig.18)",https://doi.org/10.1002/ar.1091200104,,Body,Otis 1954,
Human,Lens vesicles sinks below surface ephitelium,33.0,Streeter 1948,,"Otis and Brent (1954), tabla 3, pág.46","Carnegie Contrib. to Embryol., 32: 133-203."," the book was not indexed, reachable at https://babel.hathitrust.org/cgi/pt?id=ien.35558002495147&view=1up&seq=221",Body,Otis 1954,
Mouse,Less than 1% nucleate red blood cells,16.5,Otis and Brent 1954,,"Otis and Brent (1954), tabla 3, pág.48",https://doi.org/10.1002/ar.1091200104,,Body,Otis 1954,
Human,Less than 1% nucleate red blood cells,87.0,"Thompson, E. , 1951",,"p.6- - By the 11th week when
the average number of non-nucleated corpuscles was 97.8%,
the changes in the average number of anucleate red blood cells
became negligible ( see pag 5, table 2).",https://doi.org/10.1002/ar.1091110304,,Body,Otis 1954,
Mouse,Less than 5% of red blood cells still nucleate,15.5,Otis and Brent 1954,,"Otis and Brent (1954), tabla 3, pág.48",https://doi.org/10.1002/ar.1091200104,,Body,Otis 1954,
Human,Less than 5% of red blood cells still nucleate,72.0,"Thompson, E. , 1951",,"p.6 - Embryos in the 10th week of development showed
a further average increase of 25% in non-nucleated red blood
cells, so that by the end of that week the average count was
about 94% of non-nucleated cells.",https://doi.org/10.1002/ar.1091110304,,Body,Otis 1954,
Mouse,Liver diverticulum,8.83,Otis and Brent 1954,,"Otis and Brent (1954), tabla 3, pág.43",https://doi.org/10.1002/ar.1091200104,,Body,Otis 1954,
Human,Liver diverticulum,24.0,"Atwell, W. 1930",,"p.15- Separated from the lung-bud only by a low ridge is the liver diverticulum, located at the cephalic extremity of the yolk-stalk. See p.4, age of ovum ( If one assume that ovulation normally occurs in the middle of the intermenstrual period the possible age of the ovum would be in neighborhood of 22 days)","Carnegie Contrib. to Embryol., 21 : 1-24.","the book was not indexed, reachable at https://babel.hathitrust.org/cgi/pt?id=ien.35558002495055&view=1up&seq=11",Body,Otis 1954,
Human,First aortic arch,28.0,"Congdon, E. D., 1922",,"Otis and Brent (1954), tabla 3, pág.44","Carnegie Contrib. to Embryol., 14:47-110.",https://babel.hathitrust.org/cgi/pt?id=hvd.32044106252885&seq=65,Body,Otis 1954,
Mouse,marked foregut pocket,7.91,Otis and Brent 1954,,"Otis and Brent (1954), tabla 3, pág.42",https://doi.org/10.1002/ar.1091200104,,Body,Otis 1954,
Human,marked foregut pocket,20.5,"Ingalls, N., 1920",,"p.68- The dorso-lateral grooves likewise fade out as the result of these changes in the lateral walls. Just where these grooves merge into the enlarges anterior part of the fore-gut we may locate the earliest trace of the first entodermic pocket. See figure 4,plate 3, p.93.","Contributions to embryology. v.31, 22: 61-90","the book was not indexed, reachable at https://babel.hathitrust.org/cgi/pt?id=ien.35558002493753&view=1up&seq=126https://babel.hathitrust.org/cgi/pt?id=ien.35558002493712&view=1up&seq=87",Body,Otis 1954,
Mouse,Mesenchymal condensation for ribs,12.0,Otis and Brent 1954,,"Otis and Brent (1954), tabla 3, pág.45",https://doi.org/10.1002/ar.1091200104,,Body,Otis 1954,
Human,Mesenchymal condensation for ribs,32.0,"Sensenig, E., 1949","No hay resumen disponible, aparece PMID sin archivo, el volumen del Carnegie no lo encuentro","Otis and Brent (1954), tabla 3, pág.45",PMID: 18130382,,Body,Otis 1954,
Mouse,Mesonephric duct enters urogenital sinus,11.0,Otis and Brent 1954,,"Otis and Brent (1954), tabla 3, pág.44",https://doi.org/10.1002/ar.1091200104,,Body,Otis 1954,
Human,Mesonephric duct enters urogenital sinus,28.0,Streeter 1945,,"Otis and Brent (1954), tabla 3, pág.44","Carnegie Contrib. to Embryol.,31: 27-63.","the book was not indexed, reachable at https://babel.hathitrust.org/cgi/pt?id=uc1.31158001487791&view=1up&seq=55",Body,Otis 1954,
Mouse,Mesonephric tubules and duct,9.5,Otis and Brent 1954,,"Otis and Brent (1954), tabla 3, pág.43(Fig.11)",https://doi.org/10.1002/ar.1091200104,,Body,Otis 1954,
Human,Mesonephric tubules and duct,26.0,"West, C., 1937",J Anat. 1937 enero; 71 (parte 2): 169–200.1. PMID: 17104635,"p.170- The present specimen has 25 somites and very early limb buds and may thus between the 22nd and 27th days. The urogenital system is composed of a few isolated pronephricrudiments and of a series of mesonephric tubules, or vesicles, which are connected with each other through a longitudinal mesonephric duct that runs caudalwards and just fails to open into the cloaca. (Text-fig.6)",PMID: 17104635,,Body,Otis 1954,
Mouse,Muscular primordium around ephitelium  of oesophagus,13.5,Otis and Brent 1954,,"Otis and Brent (1954), tabla 3, pág.47(Fig.27)",https://doi.org/10.1002/ar.1091200104,,Body,Otis 1954,
Human,Muscular primordium around ephitelium  of oesophagus,37.0,Streeter 1948,,"p.154, plate 3,XV- In the top center is ephitelial esophagus surrounded by a wide submucosal zone, and outside that is the primordium of the muscular coats. ( see figure p.155)","Carnegie Contrib. to Embryol., 32: 133-203."," the book was not indexed, reachable at https://babel.hathitrust.org/cgi/pt?id=ien.35558002495147&view=1up&seq=221",Body,Otis 1954,
Mouse,Narrow stalk attaches median thyroid,11.0,Otis and Brent 1954,,"Otis and Brent (1954), tabla 3, pág.44",https://doi.org/10.1002/ar.1091200104,,Body,Otis 1954,
Human,Narrow stalk attaches median thyroid,29.0,Streeter 1945,,"Otis and Brent (1954), tabla 3, pág.44","Carnegie Contrib. to Embryol.,31: 27-63.","the book was not indexed, reachable at https://babel.hathitrust.org/cgi/pt?id=uc1.31158001487791&view=1up&seq=55",Body,Otis 1954,
Mouse,Neural hypophyseal evagination,11.5,Otis and Brent 1954,,"Otis and Brent (1954), tabla 3, pág.45 (Fig.17)",https://doi.org/10.1002/ar.1091200104,,Brain,Otis 1954,
Human,Neural hypophyseal evagination,33.0,Streeter 1948,,"Otis and Brent (1954), tabla 3, pág.45","Carnegie Contrib. to Embryol., 32: 133-203."," the book was not indexed, reachable at https://babel.hathitrust.org/cgi/pt?id=ien.35558002495147&view=1up&seq=221",Brain,Otis 1954,
Mouse,No lumen in stalk of Rathke 's pouch,11.5,Otis and Brent 1954,,"Otis and Brent (1954), tabla 3, pág.45",https://doi.org/10.1002/ar.1091200104,,Body,Otis 1954,
Human,No lumen in stalk of Rathke 's pouch,36.0,Streeter 1948,,"Otis and Brent (1954), tabla 3, pág.45","Carnegie Contrib. to Embryol., 32: 133-203."," the book was not indexed, reachable at https://babel.hathitrust.org/cgi/pt?id=ien.35558002495147&view=1up&seq=221",Body,Otis 1954,
Mouse,Olfactory disc,10.0,Otis and Brent 1954,,"Otis and Brent (1954), tabla 3, pág.44",https://doi.org/10.1002/ar.1091200104,,Body,Otis 1954,
Human,Olfactory disc,28.0,Streeter 1945,,"p.40- The succession of new centers spreads forward, producing, in the following order, the collicular region and tegmentum, pretectum, thalamus, subthalamus fusing with the tegmentum, neopallium, corpus striatum, olfactory area, and tuber cinereum with its mammillary recess. (Age group XIII, p.31. the ovulation age of the group is estimated at 28 +/- 1 days). See fig.7, XIII p.41.","Carnegie Contrib. to Embryol.,31: 27-63.","the book was not indexed, reachable at https://babel.hathitrust.org/cgi/pt?id=uc1.31158001487791&view=1up&seq=55",Body,Otis 1954,
Mouse,Olfactory pit,10.5,Otis and Brent 1954,,"Otis and Brent (1954), tabla 3, pág.44",https://doi.org/10.1002/ar.1091200104,,Body,Otis 1954,
Human,Olfactory pit,29.0,Streeter 1945,,"p.41-Age of embryo28 +/- 1 day (Embryo XIII)Fig. 7, XIII.","Carnegie Contrib. to Embryol.,31: 27-63.","the book was not indexed, reachable at https://babel.hathitrust.org/cgi/pt?id=uc1.31158001487791&view=1up&seq=55",Body,Otis 1954,
Mouse,Omentum bursa,9.625,Otis and Brent 1954,,"Otis and Brent (1954), tabla 3, pág.44",https://doi.org/10.1002/ar.1091200104,,Body,Otis 1954,
Human,Omentum bursa,26.0,Streeter 1942,,"p.232- A section just below the lung level is shown in figure 2, XII.C. The presence of the beginning omental bursa marks this part of the gut as the location of the stomach. The omental bursa therefore antedates the peritoneum (p.235)","Carnegie Contrib. to Embryol.,31: 27-63.","the book was not indexed, reachable at https://babel.hathitrust.org/cgi/pt?id=uc1.31158003438107&view=1up&seq=339",Body,Otis 1954,
Mouse,One or more semicirculars formed,12.0,Otis and Brent 1954,,"Otis and Brent (1954), tabla 3, pág.46",https://doi.org/10.1002/ar.1091200104,,Body,Otis 1954,
Human,One or more semicirculars formed,37.0,Streeter 1948,,"Otis and Brent (1954), tabla 3, pág.46","Carnegie Contrib. to Embryol., 32: 133-203."," the book was not indexed, reachable at https://babel.hathitrust.org/cgi/pt?id=ien.35558002495147&view=1up&seq=221",Body,Otis 1954,
Mouse,Optic sulcus,8.54,Otis and Brent 1954,,"Otis and Brent (1954), tabla 3, pág.42(Fig.3)",https://doi.org/10.1002/ar.1091200104,,Brain,Otis 1954,
Human,Optic sulcus,23.0,Streeter 1942,,"p.216, figure 1: Xi, pictures 13-14 somites. ","Carnegie Contrib. to Embryol., 80: 211-245.","the book was not indexed, reachable at https://babel.hathitrust.org/cgi/pt?id=uc1.31158003438107&view=1up&seq=331",Brain,Otis 1954,
Mouse,Oral membrane perforate,9.08,Otis and Brent 1954,,"Otis and Brent (1954), tabla 3, pág.43",https://doi.org/10.1002/ar.1091200104,,Body,Otis 1954,
Human,Oral membrane perforate,26.0,"West, C., 1937",,"p.178- The pharynx, as a whole....At the point of attachment of the pharyngeal membrane the groove on the roof of the pharynx is continued on to the roof of the mouth.(p.170, age of the embryo: The present specimen has 25 somites and very early limb buds and may thus be between the 22nd and 27th days)",PMID: 17104635,J Anat. 1937 enero; 71 (parte 2): 169–200.1. PMID: 17104635,Body,Otis 1954,
Mouse,Ossification center in centrum excluding first cervicals,16.5,Otis and Brent 1954,,"Otis and Brent (1954), tabla 3, pág.48",https://doi.org/10.1002/ar.1091200104,,Body,Otis 1954,
Human,Ossification center in centrum excluding first cervicals,83.0,"Noback,C. and Robertson,G., 1951",,"p.5- Most of the primary ossification centers appear before the
end of the 4th month (135 mm), and practically all of them
appear between the 7th week (19-20mm) and the 12th week
(77-79 mm) of embryonic life. Included are essentially all the cranial centers (except those
of the hyoid and ethmoid bones), the primary vertebral centers
(except those of the first cervical)",https://doi.org/10.1002/aja.1000890102,,Body,Otis 1954,
Mouse,Ossification centers in frontal and zygomatic,14.5,Otis and Brent 1954,,"Otis and Brent (1954), tabla 3, pág.47",https://doi.org/10.1002/ar.1091200104,,Body,Otis 1954,
Human,Ossification centers in frontal and zygomatic,47.0,"Noback,C. and Robertson,G., 1951","Am. J. Anat., 89: 1-28.","p. 8, Table 1.Tabulation of the data on the time of appearance of the facial and calvarial ossificaton centers
appearing during the first 5 prenatal months (explanation of table in text) . The ages which correspond to the CR lengths noted in text ran be gauged by
reference to these data (p. 4)",https://doi.org/10.1002/aja.1000890102,,Body,Otis 1954,
Mouse,Ossification centers present in all ribs,15.5,Otis and Brent 1954,,"Otis and Brent (1954), tabla 3, pág.48",https://doi.org/10.1002/ar.1091200104,,Body,Otis 1954,
Human,Ossification centers present in all ribs,73.0,Johnson 1910,,"p. 8- Table 3- Tabulation of the data on the time of appearance of the primary ossification centers of the ribs
(explanation of table in text) ",https://doi.org/10.1002/aja.1000100116,,Body,Otis 1954,
Mouse,Otic cyst closed,9.08,Otis and Brent 1954,,"Otis and Brent (1954), tabla 3, pág.43(Fig.7)",https://doi.org/10.1002/ar.1091200104,,Body,Otis 1954,
Human,Otic cyst closed,27.0,Streeter 1945,,p.31- The characteristics of the external form of embryos belonging tio age group XIII are as follows:the pore of the otic invagination is now closed. ( The estimate of ovulation age for embryos in this age group is therefore placed at 28+/-1 days),"Carnegie Contrib. to Embryol.,31: 27-63.","the book was not indexed, reachable at https://babel.hathitrust.org/cgi/pt?id=uc1.31158001487791&view=1up&seq=55",Body,Otis 1954,
Mouse,Perichondrium present - otic capsule,16.5,Otis and Brent 1954,,"Otis and Brent (1954), tabla 3, pág.48",https://doi.org/10.1002/ar.1091200104,,Body,Otis 1954,
Human,Perichondrium present - otic capsule,74.0,"Streeter,G., 1918",,p.35- the real perichondrium does not make its appearance until de fetus reaches a lenght of about 70 mm,"Carnegie Contrib. to Embryol., 7: 5-54.","the book was not indexed, reachable at  https://babel.hathitrust.org/cgi/pt?id=ien.35558002493670&view=1up&seq=9",Body,Otis 1954,
Mouse,Periderm present,12.0,Otis and Brent 1954,,"Otis and Brent (1954), tabla 3, pág.46",https://doi.org/10.1002/ar.1091200104,,Body,Otis 1954,
Human,Periderm present,38.0,"Patten, B., 1946",,"About the middle of the second month, some of the cells begin to be crowded to the surface, forming a thin layer of flattened cells known as the periderm (Fig. 133, B). The periderm is called by many writers the epitrichial layer of the epidermis",https://archive.org/details/humanembryology00patt/page/30/mode/2up?q=+granulosumm,,Body,Otis 1954,
Mouse,Pigment in outer layer of retina,11.5,Otis and Brent 1954,,"Otis and Brent (1954), tabla 3, pág.45",https://doi.org/10.1002/ar.1091200104,,Body,Otis 1954,
Human,Pigment in outer layer of retina,33.0,Streeter 1948,,"Otis and Brent (1954), tabla 3, pág.45","Carnegie Contrib. to Embryol., 32: 133-203."," the book was not indexed, reachable at https://babel.hathitrust.org/cgi/pt?id=ien.35558002495147&view=1up&seq=221",Body,Otis 1954,
Mouse,Post cardinal channel established,9.16,Otis and Brent 1954,,"Otis and Brent (1954), tabla 3, pág.43",https://doi.org/10.1002/ar.1091200104,,Body,Otis 1954,
Human,Post cardinal channel established,26.0,Streeter 1942,,"p.222-mesenteric arteries. The umbilical veins and arteries
are already formed; for this development the body
stalk and allantoic influences appear responsible, The
primary vessels of the central nervous system are
more or less connected up in the Older parts, but the
cardinal veins and the segmental branches from the aorta and their spinal-cord communiations are in-
completely connected. At the caudal end of the
embryo, they are represented by mere iwlated vesicles.
The common cardinal veins do not yet bridge the
interval to the atrial endcxardium, and a true circu-
lation must await that deve ment.","Carnegie Contrib. to Embryol., 80: 211-245.","the book was not indexed, reachable at https://babel.hathitrust.org/cgi/pt?id=uc1.31158003438107&view=1up&seq=339",Body,Otis 1954,
Mouse,Post cardinal degeneration,12.5,Otis and Brent 1954,,"Otis and Brent (1954), tabla 3, pág.46",https://doi.org/10.1002/ar.1091200104,,Body,Otis 1954,
Human,Post cardinal degeneration,37.0,"McClure,C. and Butler, E., 1925",,"Otis and Brent (1954), tabla 3, pág.46",https://doi.org/10.1002/aja.1000350302,,Body,Otis 1954,
Mouse,Posterior limb bud,10.5,Otis and Brent 1954,,"Otis and Brent (1954), tabla 3, pág.44",https://doi.org/10.1002/ar.1091200104,,Body,Otis 1954,
Human,Posterior limb bud,28.0,Streeter 1945,,"p.30- Age group. embryos about 4 or 5 millimeters long: External form, size and age: This is the stage when one can first see both arm and leg buds. In age group XIII the arm buds consists of definite ridges, and there are also beginning leg buds. ( The ovulation age of the group is estimated at 28 +/- 1 days)","Carnegie Contrib. to Embryol.,31: 27-63.","the book was not indexed, reachable at https://babel.hathitrust.org/cgi/pt?id=uc1.31158001487791&view=1up&seq=55",Body,Otis 1954,
Mouse,Posterior neuropore closing,9.5,Otis and Brent 1954,,"Otis and Brent (1954), tabla 3, pág.43",https://doi.org/10.1002/ar.1091200104,,Brain,Otis 1954,
Human,Posterior neuropore closing,26.0,Streeter 1945,,p.41-fig 7,"Carnegie Contrib. to Embryol.,31: 27-63.","the book was not indexed, reachable at https://babel.hathitrust.org/cgi/pt?id=uc1.31158001487791&view=1up&seq=55",Brain,Otis 1954,
Mouse,Precartilaginous changes in otic capsule,13.0,Otis and Brent 1954,,"Otis and Brent (1954), tabla 3, pág.47",https://doi.org/10.1002/ar.1091200104,,Body,Otis 1954,
Human,Precartilaginous changes in otic capsule,38.0,Streeter 1948,,"Otis and Brent (1954), tabla 3, pág.47","Carnegie Contrib. to Embryol., 32: 133-203."," the book was not indexed, reachable at https://babel.hathitrust.org/cgi/pt?id=ien.35558002495147&view=1up&seq=221",Body,Otis 1954,
Mouse,Primary endolymphatic appendage,10.5,Otis and Brent 1954,,"Otis and Brent (1954), tabla 3, pág.44",https://doi.org/10.1002/ar.1091200104,,Body,Otis 1954,
Human,Primary endolymphatic appendage,29.0,Streeter 1945,,"Otis and Brent (1954), tabla 3, pág.44","Carnegie Contrib. to Embryol.,31: 27-63.","the book was not indexed, reachable at https://babel.hathitrust.org/cgi/pt?id=uc1.31158001487791&view=1up&seq=55",Body,Otis 1954,
Mouse,Primary lung diverticulum,9.625,Otis and Brent 1954,,"Otis and Brent (1954), tabla 3, pág.43(Fig.11)",https://doi.org/10.1002/ar.1091200104,,Body,Otis 1954,
Human,Primary lung diverticulum,26.0,Streeter 1945,,"p.31- In age group XII(25+/-1 day) one could recognize that certain areas of gut ephitelium are at that time definitely allotted to the lung, dorsal pancreas, and liver. In age group XI it was possible to recognize the lung and liver areas.","Carnegie Contrib. to Embryol.,31: 27-63.","the book was not indexed, reachable at https://babel.hathitrust.org/cgi/pt?id=uc1.31158001487791&view=1up&seq=55",Body,Otis 1954,
Mouse,Primary ossification center in humerus with trabeculae,15.5,Otis and Brent 1954,,"Otis and Brent (1954), tabla 3, pág.48",https://doi.org/10.1002/ar.1091200104,,Body,Otis 1954,
Human,Primary ossification center in humerus with trabeculae,63.0,"Streeter,G., 1949",,"p.163- In the same humerus there may be one or more other invasion pores leading to the cartilage from another direction. The primary shell, directly preceding the invasion, appears to be a  sngle intact thin osseous. See figure 7, p.165 ( their estimated ages cover period from 60 to 74 days, ovulation age)","Carnegie Contrib. to Embryol., 33"," the book was not indexed, reachable at https://babel.hathitrust.org/cgi/pt?id=ien.35558002495154&view=1up&seq=215",Body,Otis 1954,
Mouse,Primitive streak primordium ,6.0,Otis and Brent 1954,,"Otis and Brent (1954), tabla 3, pág.42",https://doi.org/10.1002/ar.1091200104,,Body,Otis 1954,
Human,Primitive streak primordium ,13.5,"Heuser, C. H., Rock, J., & Hertig, A. T. 1945",,"p.93- The primitive streak extends caudally from the node as a narrow stripp, 2 to 6 cells in width. Can be seen by comparing 25 with figure 27 (pl.5). Measurements and age of specimen, see table 5,p.95",Contributions to embryology. v.31 yr.1945. p87,"the book was not indexed, reachable at https://babel.hathitrust.org/cgi/pt?id=uc1.31158001487791&view=1up&seq=134 ",Body,Otis 1954,
Mouse,Proamniotic cavity ,5.0,Otis and Brent 1954,,"Otis and Brent (1954), tabla 3, pág.42",https://doi.org/10.1002/ar.1091200104,,Body,Otis 1954,
Human,Proamniotic cavity ,7.0,Hertig and  Rock 1945, Contrib Embryol. 1949 Feb;33(213-221):169-86. PMID: 18130387.,p.83-The primordium of the amniotic cavity is already present in the 7 day specimen and is represented by two clefts between the trophoblast and the germ dis,"Contrib. to Embryol., 32 : 65-84.","the book was not indexed, reachable at  https://babel.hathitrust.org/cgi/pt?id=uc1.c031131918&view=1up&seq=109",Body,Otis 1954,
Mouse,Proliferation at base gastric glands,16.5,Otis and Brent 1954,,"Otis and Brent (1954), tabla 3, pág.48",https://doi.org/10.1002/ar.1091200104,,Body,Otis 1954,
Human,Proliferation at base gastric glands,100.0,Johnson 1910,,"p.16, pág.37, plate 3 (pág.47) figura 12",https://doi.org/10.1002/aja.1000100116,,Body,Otis 1954,
Mouse,Proliferation at liver diverticulum,9.5,Otis and Brent 1954,,"Otis and Brent (1954), tabla 3, pág.43",https://doi.org/10.1002/ar.1091200104,,Body,Otis 1954,
Human,Proliferation at liver diverticulum,24.0,"Atwell,W., 1930",,"p.15- Separated from the lung-bud only by a low ridge is the liver diverticulum, located at the cephalic extremity of the yolk-stalk. The liver diverticulum shows irregular buds projecting into the mesoderm.  See p.4, age of ovum ( If one assume that ovulation normally occurs in the middle of the intermenstrual period the possible age of the ovum would be in neighborhood of 22 days)","Carnegie Contrib. to Embryol., 21 : 1-24.","the book was not indexed, reachable at https://babel.hathitrust.org/cgi/pt?id=ien.35558002495055&view=1up&seq=11",Body,Otis 1954,
Mouse,Pulmonary vein enters left atrium,11.5,Otis and Brent 1954,,"Otis and Brent (1954), tabla 3, pág.45",https://doi.org/10.1002/ar.1091200104,,Body,Otis 1954,
Human,Pulmonary vein enters left atrium,37.0,"Wilson, J., 1945",,"Otis and Brent (1954), tabla 3, pág.45","Embryology of the human heart. Ward’s Natural Science Est., lac., Rochester, New York.",,Body,Otis 1954,
Mouse,Rathke's pouch prominent and in contact with infundibular region,9.375,Otis and Brent 1954,,"Otis and Brent (1954), tabla 3, pág.43(Fig.6)",https://doi.org/10.1002/ar.1091200104,,Body,Otis 1954,
Human,Rathke's pouch prominent and in contact with infundibular region,29.0,Streeter 1945,,p.50- the ovulation age of this age group (XIV) has an estimated range of between 28 and 30 days. This is the period in which  Rathke s pouch becomes a prominent feature of the roof of the mouth. It is now definitely on its way to becoming the epithelial lobe of the hypophysis.,"Carnegie Contrib. to Embryol.,31: 27-63.","the book was not indexed, reachable at https://babel.hathitrust.org/cgi/pt?id=uc1.31158001487791&view=1up&seq=55",Body,Otis 1954,
Mouse,Right and left heart primordia,8.33,Otis and Brent 1954,,"Otis and Brent (1954), tabla 3, pág.42",https://doi.org/10.1002/ar.1091200104,,Body,Otis 1954,
Human,Right and left heart primordia,21.0,"Wilson, J., 1945",,"p.9- Model 1 represents the heart of embryos of about 21 days gestational age....The future union of the bilateral primordia (right and left) into a single median organ, however, is already anticipated by the partial blending of the two cardiogenic folds in the conal region. (Fig.3)","Embryology of the human heart. Ward’s Natural Science Est., lac., Rochester, New York.","the book was not indexed, reachable at https://babel.hathitrust.org/cgi/pt?id=coo.31924003120734&view=1up&seq=9",Body,Otis 1954,
Mouse,Right dorsal aorta between arches III and IV disappears,13.0,Otis and Brent 1954,,"Otis and Brent (1954), tabla 3, pág.46",https://doi.org/10.1002/ar.1091200104,,Body,Otis 1954,
Human,Right dorsal aorta between arches III and IV disappears,35.0,"Congdon, E. D., 1922",,The next available stage has a large third arch and a dwindling second (fig. 3) (p54),"Carnegie Contrib. to Embryol., 14:47-110.",https://babel.hathitrust.org/cgi/pt?id=hvd.32044106252885&seq=65,Body,Otis 1954,
Mouse,Right venous valve primordium,10.5,Otis and Brent 1954,,"Otis and Brent (1954), tabla 3, pág.44",https://doi.org/10.1002/ar.1091200104,,Body,Otis 1954,
Human,Right venous valve primordium,28.0,"Odgers, P., 1935",J Anat. 1935 julio; 69 (parte 4): 412–422.5. PMID: 17104548,"p.412- The right valve is originally the coapted walls of sinus and auricle and increases in size with the increasing intussusception of the former into the latter chamber....the site of the right valve, is seen in Plate I,fig.5. p.421.",PMID: 17104548,,Body,Otis 1954,
Mouse,Round nuclei in retina next to marginal zone,12.5,Otis and Brent 1954,,"Otis and Brent (1954), tabla 3, pág.46",https://doi.org/10.1002/ar.1091200104,,Body,Otis 1954,
Human,Round nuclei in retina next to marginal zone,33.0,"Mann, I., 1928",,"Otis and Brent (1954), tabla 3, pág.46",https://doi.org/10.1136/bjo.12.9.449,,Body,Otis 1954,
Mouse,Rudimentary periotic cistern,14.5,Otis and Brent 1954,,"Otis and Brent (1954), tabla 3, pág.48",https://doi.org/10.1002/ar.1091200104,,Body,Otis 1954,
Human,Rudimentary periotic cistern,54.0,"Streeter,G., 1917a","Am. J. Anat., 21: 299-320","p. 307- Before there is any trace of the scalae the initial steps in the
formation of the cistern can be seen. This is well illustrated in
an embryo 35 mm. long. This
particular embryo is cut into a sagittal series and the sections
on slides 53 and 54 show the periotic cistern in its most rudimentary form. (p. 310, figures 6 and 7)",https://doi.org/10.1002/aja.1000210203,,Body,Otis 1954,
Mouse,Scala tympani forming,14.5,Otis and Brent 1954,,"Otis and Brent (1954), tabla 3, pág.48",https://doi.org/10.1002/ar.1091200104,,Body,Otis 1954,
Human,Scala tympani forming,56.0,"Streeter,G., 1917a","Am. J. Anat., 81: 299-320","The first evidence of the formation of scalae is found in fetuses
about 40 mm. long. This is the beginning of the scala
tympani. Thus the scala tympani makes its appearance slightly in advance of the scala vestibuli.  In 50 mm. embryos...the scala tympani is already well started at this time, but its development is quite independent of the cistern. P. 310, figures 6 and 7",https://doi.org/10.1002/aja.1000210203,,Body,Otis 1954,
Mouse,"Scattered enucleate red blood cells, less than 1%",13.5,Otis and Brent 1954,,"Otis and Brent (1954), tabla 3, pág.47",https://doi.org/10.1002/ar.1091200104,,Body,Otis 1954,
Human,"Scattered enucleate red blood cells, less than 1%",39.0,"Thompson, E. , 1950",,"p.318-  The loss of nuclei by the red blood
cells begins to be evident during the second month in the
human embryo. See table 1 p.319 (Tabulated data relative to the loss of nuclei by red blood corpuscles in human
embryos during the period of most rapid change)",https://doi.org/10.1002/ar.1091110304,,Body,Otis 1954,
Mouse,Secondary bronchi,12.0,Otis and Brent 1954,,"Otis and Brent (1954), tabla 3, pág.45",https://doi.org/10.1002/ar.1091200104,,Body,Otis 1954,
Human,Secondary bronchi,35.0,Streeter 1948,,"Otis and Brent (1954), tabla 3, pág.45","Carnegie Contrib. to Embryol., 32: 133-203."," the book was not indexed, reachable at https://babel.hathitrust.org/cgi/pt?id=ien.35558002495147&view=1up&seq=221",Body,Otis 1954,
Mouse,Separation of utricular and saccular regions,14.5,Otis and Brent 1954,,"Otis and Brent (1954), tabla 3, pág.47",https://doi.org/10.1002/ar.1091200104,,Body,Otis 1954,
Human,Separation of utricular and saccular regions,48.0,"Streeter, G., 1906","Am. J. Anat., 6:139-166.","p. 151- The actual subdivision begins in embryos between 18 and 20
mm. see p.141, List of Embryos Reconstructed.",https://doi.org/10.1002/aja.1000060103,,Body,Otis 1954,
Mouse,Septum primum,11.5,Otis and Brent 1954,,"Otis and Brent (1954), tabla 3, pág.45",https://doi.org/10.1002/ar.1091200104,,Body,Otis 1954,
Human,Septum primum,35.0,"Wilson, J., 1945","no lo encuentro, ni PMID ni doi","Otis and Brent (1954), tabla 3, pág.45","Embryology of the human heart. Ward’s Natural Science Est., lac., Rochester, New York.",,Body,Otis 1954,
Mouse,Shallow otic invagination,8.75,Otis and Brent 1954,,"Otis and Brent (1954), tabla 3, pág.43(Fig.4)",https://doi.org/10.1002/ar.1091200104,,Body,Otis 1954,
Human,Shallow otic invagination,23.0,Streeter 1942,,"p.226- The invagination otic plate is already a sharply demarcated structure in embryos of age group XI (p.214,see age groups)","Carnegie Contrib. to Embryol., 80: 211-245.","the book was not indexed, reachable at https://babel.hathitrust.org/cgi/pt?id=uc1.31158003438107&view=1up&seq=339",Body,Otis 1954,
Mouse,Short ureteric bud,11.0,Otis and Brent 1954,,"Otis and Brent (1954), tabla 3, pág.44",https://doi.org/10.1002/ar.1091200104,,Body,Otis 1954,
Human,Short ureteric bud,29.0,Streeter 1945,,"Otis and Brent (1954), tabla 3, pág.44","Carnegie Contrib. to Embryol.,31: 27-63.","the book was not indexed, reachable at https://babel.hathitrust.org/cgi/pt?id=uc1.31158001487791&view=1up&seq=55",Body,Otis 1954,
Mouse,Skin differentiated into stratum germinativum and stratum intermedium,13.5,Otis and Brent 1954,,"Otis and Brent (1954), tabla 3, pág.47",https://doi.org/10.1002/ar.1091200104,,Body,Otis 1954,
Human,Skin differentiated into stratum germinativum and stratum intermedium,41.0,"Hogg, I., 1941",8 menstrual weeks,"This is true during the premotile stage (nos. 12
and 0, table 1) as well as in older fetuses, but in these two
the difference is principally a matter of the relative dimensions
of the basal cells, for the epithelium is uniformly two cells.()",https://doi.org/10.1002/cne.900750302,,Body,Otis 1954,
Mouse,Stalk of Rathke's pouch detached from stomodeal epithelium,12.5,Otis and Brent 1954,,"Otis and Brent (1954), tabla 3, pág.46",https://doi.org/10.1002/ar.1091200104,,Body,Otis 1954,
Human,Stalk of Rathke's pouch detached from stomodeal epithelium,40.0,"Atwell, W. 1926",,"Otis and Brent (1954), tabla 3, pág.46",https://doi.org/10.1002/aja.1000370107,,Body,Otis 1954,
Mouse,Stratum granulosum,15.5,Otis and Brent 1954,,"Otis and Brent (1954), tabla 3, pág.48",https://doi.org/10.1002/ar.1091200104,,Body,Otis 1954,
Human,Stratum granulosum,69.0,"Patten, B., 1946",,"During the latter part of the second month, there is a tendency for the epithelium to become thicker. This is manifested at first by a staggering of the nuclei (Fig. 133, C) presaging the beginning of cell rearrangement which leads rapidly to the formation of an intermediate layer between the flattened cells of the epitrichial layer and the basal layer adjacent to the underlying dermis. The cells of this intermediate layer tend to become enlarged and show a high degree of vacuolation (Fig. 133, D, E).
During the third month, the deep-lying layer of cells becomes sharply distinct from the rest of the epithelium. These cells are said to constitute the germinative layer (stratum germinativum) because they are the ones which undergo the repeated cell divisions responsible for the growth of the epidermis. The cells of this layer show a dense, strongly staining cytoplasm and well-marked cell boundaries (Fig, 133, F, G).",https://archive.org/details/humanembryology00patt/page/30/mode/2up?q=+granulosumm,,Body,Otis 1954,
Mouse,Subcardinal anastomosis,12.5,Otis and Brent 1954,,"Otis and Brent (1954), tabla 3, pág.46",https://doi.org/10.1002/ar.1091200104,,Body,Otis 1954,
Human,Subcardinal anastomosis,34.0,"McClure,C. and Butler, E., 1925",,"Otis and Brent (1954), tabla 3, pág.46",https://doi.org/10.1002/aja.1000350302,,Body,Otis 1954,
Mouse,Subcardinals formed,11.5,Otis and Brent 1954,,"Otis and Brent (1954), tabla 3, pág.45",https://doi.org/10.1002/ar.1091200104,,Body,Otis 1954,
Human,Subcardinals formed,28.0,"McClure, C. and Butler, E. , 1925",,"Otis and Brent (1954), tabla 3, pág.45",https://doi.org/10.1002/aja.1000350302,,Body,Otis 1954,
Mouse,Submucosal layer around oesophagus about 2 cells deep,13.0,Otis and Brent 1954,,"Otis and Brent (1954), tabla 3, pág.46(Fig.26)",https://doi.org/10.1002/ar.1091200104,,Body,Otis 1954,
Human,Submucosal layer around oesophagus about 2 cells deep,35.0,Streeter 1948,,"Otis and Brent (1954), tabla 3, pág.46","Carnegie Contrib. to Embryol., 32: 133-203."," the book was not indexed, reachable at https://babel.hathitrust.org/cgi/pt?id=ien.35558002495147&view=1up&seq=221",Body,Otis 1954,
Mouse,Superior and inferior colliculi separate,12.5,Otis and Brent 1954,,"Otis and Brent (1954), tabla 3, pág.46",https://doi.org/10.1002/ar.1091200104,,Body,Otis 1954,
Human,Superior and inferior colliculi separate,37.0,Streeter 1948,,"Otis and Brent (1954), tabla 3, pág.46","Carnegie Contrib. to Embryol., 32: 133-203."," the book was not indexed, reachable at https://babel.hathitrust.org/cgi/pt?id=ien.35558002495147&view=1up&seq=221",Body,Otis 1954,
Mouse,Thickened hollowed epithelial primodia of semicircular canals,11.5,Otis and Brent 1954,,"Otis and Brent (1954), tabla 3, pág.45",https://doi.org/10.1002/ar.1091200104,,Body,Otis 1954,
Human,Thickened hollowed epithelial primodia of semicircular canals,35.0,Streeter 1948,,"Otis and Brent (1954), tabla 3, pág.45","Carnegie Contrib. to Embryol., 32: 133-203."," the book was not indexed, reachable at https://babel.hathitrust.org/cgi/pt?id=ien.35558002495147&view=1up&seq=221",Body,Otis 1954,
Mouse,Thickened lens disc,9.625,Otis and Brent 1954,,"Otis and Brent (1954), tabla 3, pág.44( fig.9)",https://doi.org/10.1002/ar.1091200104,,Body,Otis 1954,
Human,Thickened lens disc,28.0,Streeter 1945,,p.31- The estimate of ovulation age for embryos in this age group is therefore placed at 28+/- 1 days...The lens vesicle is not yet indented. p.42- In response to this contact the ectoderm proliferates and forms a plate that is to become the lens vesicle...The only visible difference between the lens plate and surrounding skin ectoderm is the proliferation activity of its cells. ,"Carnegie Contrib. to Embryol.,31: 27-63.","the book was not indexed, reachable at https://babel.hathitrust.org/cgi/pt?id=uc1.31158001487791&view=1up&seq=55",Body,Otis 1954,
Mouse,Trachea separated from oesophagus,11.0,Otis and Brent 1954,,"Otis and Brent (1954), tabla 3, pág.44",https://doi.org/10.1002/ar.1091200104,,Body,Otis 1954,
Human,Trachea separated from oesophagus,29.0,Streeter 1945,,"Otis and Brent (1954), tabla 3, pág.44","Carnegie Contrib. to Embryol.,31: 27-63.","the book was not indexed, reachable at https://babel.hathitrust.org/cgi/pt?id=uc1.31158001487791&view=1up&seq=55",Body,Otis 1954,
Mouse,Vacuoles in epithelial lining of stomach,13.5,Otis and Brent 1954,,"Otis and Brent (1954), tabla 3, pág.47",https://doi.org/10.1002/ar.1091200104,,Body,Otis 1954,
Human,Vacuoles in epithelial lining of stomach,37.0,Johnson 1910,"reported as measurements of length, not age-time","p.534- In an embryo of 19 mm. the epithelium of the stomach is of the same type as in the preceding embryo..it contains a few small vacuoles...Th eepithelium of the stomach at 22.8 mm measures on the average .55mm. in thickness. A few vacuoles , similar to those found in the oesophagus of this embryo, were observed.",https://doi.org/10.1002/aja.1000100116,,Body,Otis 1954,
Mouse,Ventral pancreatic diverticulum,11.0,Otis and Brent 1954,,"Otis and Brent (1954), tabla 3, pág.45",https://doi.org/10.1002/ar.1091200104,,Body,Otis 1954,
Human,Ventral pancreatic diverticulum,31.5,Streeter 1948,,"Otis and Brent (1954), tabla 3, pág.45","Carnegie Contrib. to Embryol., 32: 133-203."," the book was not indexed, reachable at https://babel.hathitrust.org/cgi/pt?id=ien.35558002495147&view=1up&seq=221",Body,Otis 1954,
Mouse,Vitelline veins anastomose with liver plexus,10.5,Otis and Brent 1954,,"Otis and Brent (1954), tabla 3, pág.44",https://doi.org/10.1002/ar.1091200104,,Body,Otis 1954,
Human,Vitelline veins anastomose with liver plexus,26.0,Streeter 1942,,"p.235-  Intervening between the liver and heart is a conspicuous plexus of blood capillaries. During this period these vessels are rapidly becoming enmeshed by the proliferating liver epithelium, and it is quite likely that are response to its presence.( Age of the embryo 26 +/- 1 day, Embryo XII)","Carnegie Contrib. to Embryol.,31: 27-63.","the book was not indexed, reachable at https://babel.hathitrust.org/cgi/pt?id=uc1.31158003438107&view=1up&seq=339",Body,Otis 1954,
Mouse,Vomeronasal organ,11.5,Otis and Brent 1954,,"Otis and Brent (1954), tabla 3, pág.45",https://doi.org/10.1002/ar.1091200104,,Body,Otis 1954,
Human,Vomeronasal organ,38.0,Streeter 1948,,"Otis and Brent (1954), tabla 3, pág.45","Carnegie Contrib. to Embryol., 32: 133-203."," the book was not indexed, reachable at https://babel.hathitrust.org/cgi/pt?id=ien.35558002495147&view=1up&seq=221",Body,Otis 1954,
Human,Apoptotic peak,161.0,R Spreafico 1999,,""" The present detailed inves-tigation of TUNEL positivity in layer I revealed that aftermidgestation,  apoptotic  phenomena  peaked  between  23and  31  GW""",https://doi.org/10.1002/(sici)1096-9861(19990719)410:1%3C126::aid-cne11%3E3.0.co;2-5,,Brain,Amici,175.0
Human,Beggining of primitive hematopoiesis,18.5,"Bloom & Bartelmez, 1940",14 days were added to transform the data to gestational age,"EarEy bead process. (H 1459) ; see Jones and Brcwer, '35 ;
Brewer, '40). This is our next older stage and is about 18.5
days old. Hematopoiesis is just beginning in the yolk sac close
to the embryonic disc (fig. I) ",https://doi.org/10.1002/aja.1000670103,,Body,Amici,32.5
Human,Beggining of playful behavior,542.6,Largo 1979,,All but one of the nine-month-old children showed mouthing and manipulatory play,https://doi.org/10.1111/j.1469-8749.1979.tb01622.x,,Body,Amici,550.0
Human,Begin of vasculogenesis,22.5,"Demir et al., 1989",21st to 22nd day p.c.14 days were added to transform the data to gestational age,"""In some of the villi (early tertiary villi) first steps of vasculogenesis could be observed""",https://doi.org/10.1159/000146886,,Body,Amici,36.5
Human,first Olig2 expression,22.75,"Jakovcevski & Zecevic, 2005",,"we studied their distribution in 5-5.5 GW embryos [Carnegie stages 16-17 (O'Rahilly et al., 1987)]. Olig1 and Olig2 were expressed in the ventral part of the forebrain and hindbrain, including the cerebellar anlage (Fig. 1A-D).",https://doi.org/10.1523/JNEUROSCI.2324-05.2005,,Brain,Amici,36.75
Human,first Olig1 expression,22.75,"Jakovcevski & Zecevic, 2005",,"we studied their distribution in 5-5.5 GW embryos [Carnegie stages 16-17 (O'Rahilly et al., 1987)]. Olig1 and Olig2 were expressed in the ventral part of the forebrain and hindbrain, including the cerebellar anlage (Fig. 1A-D).",https://doi.org/10.1523/JNEUROSCI.2324-05.2005,,Brain,Amici,36.75
Human,Beginning of Somitogenesis,25.0,"Müller & O'Rahilly, 2003",Carnegie stage 9 considered as 25 gestational days. 14 days were added to transform the data to gestational age,"""Stage 9 (c. 1.5–2.5 mm). This stage is defined by the first appearance of somites, of which 1–3 pairs are present.""",https://doi.org/10.1046/j.1469-7580.2003.00219.x,,Body,Amici,39.0
Human,Develop of liver rudiment,23.0,"Tavian et al., 1999",14 days were added to transform the data to gestational age,"""At the 10-somite stage (23 days, stage 10), the liver rudiment develops from an appendage of the duodenum that invades the septum transversum, as a hepatic plate, caudal to the heart""",https://doi.org/10.1242/dev.126.4.793,,Body,Amici,37.0
Human,Development of secondary neural tube,40.0,"Pytel et al., 2007",14 days were added to transform the data to gestational age,"""The development of the secondary neural tube by cavitation is well seen at stage 16 (39 days after fertilisation) and stage 17 (41 days after fertilisation)""",PMID: 17594667,,Brain,Amici,54.0
Human,Eye opening,168.0,K Duerksen 1994,,""" From the analysis
of our data, we found that the critical time for eyelid opening is between
25.5 and 26.5 weeks gestational age. """,https://doi.org/10.1097/00002341-199412000-00002,,Body,Ohmura 2017,182.0
Human,Microglia migrates from the Yolk Sac to brain rudiment,17.5,"Andjelkovic et al., 1998",,""" Using lectin-histochemistry, described to label microglia in developing and adult human brain, we have demonstrated that lectin + cells first emerged in the marginal zone of the neural tube at 4.5 gestational weeks""",https://doi.org/10.1016/S0006-8993(98)00830-0,,Brain,Amici,31.5
Human,Gastrulation Start,17.5,"Tyser et al., 2020","14 days were added to transform the data to gestational age. In humans the process of gastrulation
 starts approximately 14 days after fertilization and continues for slightly over a week. Donations of human fetal material at these early stages, when many people might not even know they are pregnant, are exceptionally rare, making it nearly impossible to study gastrulation directly.","""Here, we characterize in a spatially resolved manner the single cell transcriptional profile of an entire gastrulating human embryo approximately 16 to 19 days after fertilization.""",http://dx.doi.org/10.1038/s41586-021-04158-y,,Body,Amici,31.5
Human,Hematopoiesis in the fetal liver,9.0,"Tavian et al., 1999",,"""It is at the 12-somite stage (23 days, stage 10) that rare, scattered CD45-positive cells were  first found in the hepatic rudiment (Fig. 3C).""",https://doi.org/10.1242/dev.126.4.793,,Body,Amici,23.0
Human,Hippocampal formation,42.0,"Müller & O'Rahilly, 2006",Stage 17 (c. 11–14 mm; c. 6 weeks) 14 days were added to transform the data to gestational age.,"""The hippocampal primordium grows rostrocaudally and its dentate area is closely related to the medial nucleus already in stage 17 (Fig. 5B)""",https://doi.org/10.1111/j.1469-7580.2006.00553.x,,Brain,Amici,56.0
Human,Hypothalamus formation,52.5,"Koutcherov et al., 2002",,"""Weeks 9 –10 of gestation (first trimester,
early postembryonic period; n _x0001_ 2,
CRL: 45–50 mm, FOL: 24 –25 mm)
The fetal hypothalamus at this stage showed only min-
imal signs of nuclear differentiation but contained a clear
division into three longitudinal zones.""",https://doi.org/10.1002/cne.10175,,Brain,Amici,66.5
Human,Intermediate zone formation,49.0,"Zecevic et al., 2005",,""" For the first time, at 9 gw, a distinct, although
small, SVZ could be recognized between the highly prolif-
erative VZ and the nonproliferative intermediate zone (IZ;
Fig. 1A)""",https://doi.org/10.1002/cne.20714,,Brain,Amici,63.0
Human,Microgilial colonisation of the spinal cord,49.0,"Rezaie, Patel & Male, 1999",,"""Radial astroglia were demonstrable at 9 weeks in the human fetal spinal cord immunoreactive for vimentin and GFAP""",doi:10.1016/s0165-3806(99)00043-7,,Brain,Amici,63.0
Human,Microglia migrates from the Yolk Sac to brain rudiment,17.5,"Monier et al., 2007",,"""Starting at 4.5 gestational weeks, amoeboid
 microglial cells, characterized by different antibodies as Iba1, CD68, CD45, and MHC-II, entered the cerebral wall from the ventricular lumen and the leptomeninges""",https://doi.org/10.1097/nen.0b013e3180517b46,,Brain,Amici,31.5
Human,Neural crest development,26.0,"Betters et al., 2010","Embryos were subsequently staged according to O'Rahilly and Müller (1987), where Stage 12 = 26 days of gestation. 14 days were added to transform the data to gestational age.","""Carnegie Stage 12: The neural crest develops in a rostral–caudal fashion during embryogenesis (...)""",https://doi.org/10.1016/j.ydbio.2010.05.012,,Brain,Amici,40.0
Human,Caudal (posterior) neuropore closure ,26.0,    F. Müller & R. O'Rahilly 1987,14 days were added to transform the data to gestational age.,"Twenty-four embryos of stage 12 (26 days) were studied in detail and graphic reconstructions of five of them were prepared. The characteristic features of this stage are 21–29 pairs of somites, incipient or complete closure of the caudal neuropore, and the appearance of upper limb buds. The caudal neuropore closes during stage 12, generally when 25 somititc pairs are present.",https://doi.org/10.1007/BF00310083,,Brain,Amici,40.0
Human,Neural plate formation,18.0,"Hideo Nishimura,  1974",14 days were added to transform the data to gestational age.,"""Dorsal surface of a specimen at stage 8. Note the prominent neural
groove and the caudally located node of Hensen, but no appearance
of somites."" Human embryonic stage 8 occurs during week 3 between 17 to 19 days. https://embryology.med.unsw.edu.au/embryology/index.php?title=Carnegie_stage_8",https://doi.org/10.1002/tera.1420100102,,Brain,Amici,32.0
Human,Notochordal development starts,18.0,"de Bree et al., 2018",14 days were added to transform the data to gestational age.,"""Firstly, the developing notochord is always tightly attached to the ventral floor of the developing central nervous system. This is the case from its first appearance in stage 8 (17–19 days) until the definitive notochord is formed in stage 12 (26–30 days)""",https://doi.org/10.1371/journal.pone.0205752,,Brain,Amici,32.0
Human,Onset of marrow hematopoiesis,59.5,"Charbord et al., 1996b",By virtue of an immuno-histochemical approach.  Already in GW,"""This study performed on 46 human specimens from 6 to 28 weeks of gestation indicated that hematopoiesis in fetal long bones is strictly time dependent. It begins by week 10.5 and remains confined to the diaphyseal region until week 15.""",https://doi.org/10.1182/blood.V87.10.4109.bloodjournal87104109,,Body,Amici,73.5
Human,Optic fissure closure,42.5,"Patel et al., 2020",14 days were added to transform the data to gestational age.,"""The morphological analysis identified post ovulation days 41-44 (CS17-18) as the stages during which fissure closure takes place, identifying the susceptibility period during which teratogenic or genetic insults may impair OFC and cause coloboma.""",https://doi.org/10.1242/dev.193649,,Body,Amici,56.5
Human,Optic sulcus,22.0,"Müller & O’Rahilly, 1985",14 days were added to transform the data to gestational age.,"""Thirteen embryos of stage 10 (22 days) were studied in detail and graphic reconstructions of most of them were prepared. (…) During this stage, the following features appear: terminal notch, optic sulcus, initial formation of neural  tube (…)""",https://doi.org/10.1007/BF00319598,,Body,Amici,36.0
Human,Optic vesicle formation,21.5,Ho Yoon 1997,14 days were added to transform the data to gestational age.,"According to the Camegie stage,
the 4th week correspons to stages 10-13... stage 11...The optic vesicles appeared as
small sac-like structures and the pit could be observed clearly
(Fig. 2).",https://doi.org/10.3349/ymj.1997.38.1.26,,Body,Amici,35.5
Human,Primary fissure of the cerebellum formation,84.0,"Liu et al., 2011",,"""The primary fissure was the first to be visualized, and was detectable as early as week 14 (Fig. 2B1)""",https://doi.org/10.1111/j.1469-7580.2011.01418.x,,Brain,Amici,98.0
Human,Primitive streak primordium,14.0,"Müller & O’Rahilly, 2004",14 days were added to transform the data to gestational age.,"""At stage 6b the epiblast is a pseudostratified layer (fig. 2a) and the primitive streak and groove of the embryo are visible (fig. 2b)"".",https://doi.org/10.1159/000078423,,Brain,Amici,28.0
Human,Sexual maturity reach,4119.9875,"Luciano et al., 2013","Puberty t is considered one of the main temporal windows of susceptibility for the influence of the endocrine-disrupting chemicals (Luccacioni et al., 2020). The median ages for the onset of puberty (stage 2 sexual development) in boys and girls in Florianopolis were 10.8 and 10.3 years, respectively.",Figure 1. Median ages in sexual development stages in boys and girls : Stage 5,https://doi.org/10.1186/1742-4755-10-56,,Body,Amici,5338.7125
Human,Subplate emerges,70.0,"Bayatti et al., 2008",14 days were added to transform the data to gestational age.,"""New observations include the subplate emerging as a discrete differentiated layer by 10 PCW, characterized by synaptophysin and vesicular gamma-aminobutyric acid transporter expression also seen in the marginal zone, suggesting that these compartments may maintain a spontaneously active synaptic network even before the arrival of thalamocortical afferents""",https://doi.org/10.1093/cercor/bhm184,,Brain,Amici,84.0
Human,Third pharyngeal pouches formation,24.0,"Farley et al., 2013",Considering CS16 as 38 pcd. PP = pharyngeal pouches,"""The earliest human tissue available for this study was early week 6 (CS16). At this stage, the third PP had formed and morphological criteria indicated that third PP/thymic
 primordium development was at an equivalent stage to that at embryonic day (E)10.5 in CBAxC57BL/6 F1 mouse embryos""",https://doi.org/10.1242/dev.087320,,Body,Amici,38.0
Human,Thymic primordia,47.0,"Farley et al., 2013",14 days were added to transform the data to gestational age,"""By early week 7 (CS18), outgrowth of the third PP to form the common thymus/parathyroid primordium (Gordon et al., 2001) had occurred,  equivalent to ~E11.5 in the mouse (Fig. 1A)""",https://doi.org/10.1242/dev.087320,,Body,Amici,61.0
Human,motoneuron innervation,52.5,"Gavin J. Clowry, 2005",14 days were added to transform the data to gestational age,Muscle afferents crossed the dorsal horn by 7.5 GW ,https://doi.org/10.1111/j.1469-7580.2005.00468.x,,Body,Amici,66.5
Human,start of multipolar morphology in motoneurons,91.0,"Gavin J. Clowry, 2005",14 days were added to transform the data to gestational age,"Dendrites could be seen at 13–14 GW, but by 17 GW
motoneurones had adopted a multipolar morphology",https://doi.org/10.1111/j.1469-7580.2005.00468.x,,Body,Amici,105.0
Human,end of multipolar morphology in motoneurons,119.0,"Gavin J. Clowry, 2005",14 days were added to transform the data to gestational age,"Dendrites could be seen at 13–14 GW, but by 17 GW
motoneurones had adopted a multipolar morphology",https://doi.org/10.1111/j.1469-7580.2005.00468.x,,Body,Amici,133.0
Mouse,Apoptotic peak,26.0,"Blanquie et al., 2017","A first wave of apoptosis, peaking at embryonic day (E) 14 in the rodent cortex, is believed to select the appropriate neural clones (Blaschke et al., 1996, 1998). A second surge of apoptosis affects the early postnatal cortex, triggering the loss of up to 50% of newly differentiated neurons (Nikolić et al., 2013; Dekkers et al., 2013; Southwell et al., 2012). also, fig 1 ","""In conclusion, our detailed analysis of the cell death pattern in the developing mouse cortex reveals that the critical time window of cell death takes place between P5 and P7 in all layers of M1 and S1, but distinct layers and cortical areas display striking differences in the extent and distribution of cell death.""",https://doi.org/10.7554/eLife.27696.001,,Brain,Amici,
Mouse,Beggining of primitive hematopoiesis,7.0,J Palis 1999,,"""On the 1st culture day of 8 day-old mouse embryo yolk sacs, primitive erythroblasts predominated together with undifferentiated blood cells in the blood islands of the yolk sac."" (Naito, 1989)",https://doi.org/10.1242/dev.126.22.5073,,Body,Amici,
Mouse,Beggining of playful behavior,35.0,"Sergio M. Pellis
Tamara J. Pasztor 1998",,"A total of 30,350 behavior patterns were scored for all
litters, combining all days. The most-frequent behav-
ior patterns were those classified as locomotor play
(85.1%), followed by social play (13.2%), and then
allogrooming (1.7%). Interactions involving attack-
and-defense components constituted 19.9% of social
play (i.e., 719 interactions), or 2% of total play, and
were present in all litters by 15 – 16 days postnatally.",https://doi.org/10.1002/(SICI)1098-2302(199904)34:3%3C175::AID-DEV2%3E3.0.CO;2-%23,,Body,Amici,
Mouse,Begin of vasculogenesis,8.5,"Haar et al., 1971","Cells that give rise to the first primitive vessels located in the yolk sac begin to form during gastrulation, which occurs on mouse embryonic day 6.5 (E6.5).","""The process of vasculogenesis and lumenization occurs between eight and one- half and  nine days of gestation and has been correlated with the reduction of cellular  junctions between angioblasts  and fixed primitive  erythroblasts""",https://doi.org/10.1002/ar.1091700206,,Body,Amici,
Mouse,first Olig2 expression,12.5,Hirohide Takebayashi 2002,,Olig2 was complementarily expressed in that of the ventral thalamus with an adjacent boundary at E12.5,https://doi.org/10.3389/neuro.05.005.2009,,Brain,Amici,
Mouse,first Olig1 expression,9.0,"Lu et al., 2000","In the developing forebrain, several waves of OPC production and migration generate the entire OLG population","""To determine the pattern of early Olg-1 expression, we initially performed whole-mount in situ hybridization on embryos from 8.5–10.5 dpc. At 9.0 dpc, Olg-1 mRNA transcripts can be detected in the ventral diencephalon and in the spinal cord in symmetric stripes adjacent to the ventral midline""",DOI: 10.1016/S0896-6273(00)80897-1,,Brain,Amici,
Mouse,Beginning of Somitogenesis,8.3,"Tam PP, 1981",,"""The first pair of somites is formed at about 8.3 days p.c. in the Q strain mouse embryo""",https://doi.org/10.1242/dev.65.Supplement.103,,Body,Amici,
Mouse,Birth,20.0,"Dewar, 1968",,"""The modal value for the day of parturition was the 20th day of pregnancy (...) """,https://doi.org/10.1113/expphysiol.1968.sp001954,,,Amici,
Mouse,Cingulum formation,16.0,"Smart & McSherry, 1982",,"""Prenatally, the cingulum can first be distinguished about E16 as a thin band of cross sectioned fibres lying immediately deep to the cortical plate.""",PMID: 7107510 PMCID: PMC1167884,,Brain,Amici,
Mouse,Develop of liver rudiment,9.5,"Gualdi et al., 1996",,"""Thus in vivo, the
albumin gene remains silent in the dorsal endoderm
while it is clearly active in hepatic primordia emanating
from the gut at 9.5 days (Fig. 4A, lane 2).""",https://doi.org/10.1101/gad.10.13.1670,,Body,Amici,
Mouse,Development of secondary neural tube,10.0,"Shum & Copp, 1996",,"""The transition from Mode 3 primary neurulation to secondary neurulation is clearly seen in a series of three C57 embryos with 30, 31 and 34 somites respectively (Figs. 4, 5 and 6).Fig. 6: Embryo with 34 somites in which secondary neurulation is well underway (...) A small cavity forms in the centre of these cells (Fig. 6c), gradually enlarges (Fig. 6d) and forms the round lumen of the secondary neural tube (Fig. 6e).""",https://doi.org/10.1007/BF00196316,,Brain,Amici,
Mouse,Development of the cortical plate,13.5,"Molnár et al., 1998",,"""At E13.5 (n = 24) discrimination was also often impossible, although in eight individuals (five reeler and three wild-type) we were able to distinguish the genotypes with confidence by looking at the more mature, anterior and ventral regions of the hemisphere, where the first signs of the cortical plate itself could be detected (Fig. ​(Fig.11B,E)""",https://doi.org/10.1523/JNEUROSCI.18-15-05746.1998,,Brain,Amici,
Mouse,Eye opening,31.5,"Williams & Scott, 1954",,"""In the mouse, hearing is apparently present by the fourth or fifth day and the eyes open on the eleventh or twelfth.""",https://psycnet.apa.org/doi/10.1163/156853954X00031,,Body,Amici,
Mouse,Microglia migrates from the Yolk Sac to brain rudiment,9.5,"Ginhoux et al., 2010",,"""Consistent with previous results (20), myeloid cells expressing the hematopoietic marker CD45 and the adult macrophage/microglia markers CD11b, F4/80, and CX3CR1 were detectable in the developing brain starting from E9.5 (Fig. 1, A and B and fig S2)""",https://doi.org/10.1126/science.1194637,,Brain,Amici,
Mouse,Gastrulation Start,6.75,"Silver  & Palis, 1997; Yang, et al., 1998",,"""In particular, we have found thatDlx5 expression first can be detected at the late-streak stage of gastrulation (6.75 dpc), which precedes the formation of an overt neural plate, but is not expressed at earlier stages"" (Yang et al., 1998)",https://doi.org/10.1523/JNEUROSCI.18-20-08322.1998,,Body,Amici,
Mouse,Hearing start,24.5,"Williams & Scott, 1954",,"""In the mouse, hearing is apparently present by the fourth or fifth day and the eyes open on the eleventh or twelfth""",https://psycnet.apa.org/doi/10.1163/156853954X00031,,Body,Amici,
Mouse,Hematopoiesis in the fetal liver,7.5,"Samokhvalov et al., 2007",,"""During mid-gestation the labelled (embryonic day 7.5) yolk sac cells colonize the umbilical cord, the AGM region and subsequently the embryonic liver""",https://doi.org/10.1038/nature05725,,Body,Amici,
Mouse,Hippocampal formation,16.0,"Ciofi Luzzatto et al., 1988",,"""At embryonic age E16 the hippocampal primordium appears as a curvature of the dorso-medial wall of the brain, protruding into the lateral ventricles.""",https://doi.org/10.1016/0736-5748(88)90001-9,,Brain,Amici,
Mouse,Hypothalamus formation,12.0,"Chen et al., 2017",,"""The caudal portion of the prosencephalon forms the remaining structures of the diencephalon. This region associates with the optic nerve (CN II) and will differentiate into the epithalamus, thalamus, and hypothalamus by E12.0.""",https://doi.org/10.1016/j.celrep.2017.03.004,,Brain,Amici,
Mouse,Intermediate zone formation,11.5,ZOYA KATAROVA 2000,,"""Autoradiograms of parasagittal sections from E11.5 mouse ... intermediate zone and dorsal horn DZ (Figs. 3c,d, 5c).""",https://doi.org/10.1002/1096-9861(20000904)424:4%3C607::aid-cne4%3E3.0.co;2-c,,Brain,Amici,
Mouse,Microgilial colonisation of the spinal cord,11.5,"Rigato et al., 2011",Microglial cells began to invade the mouse embryonic spinal cord at a developmental period corresponding to the onset of spontaneous electrical activity and of synaptogenesis,"""Microglial cells reached the spinal cord through the peripheral vasculature and began to invade the parenchyma at 11.5 days of embryonic age (E11.5)""",https://doi.org/10.1002/glia.21140,,Brain,Amici,
Mouse,Microglia migrates from the Yolk Sac to brain rudiment,11.5,"Swinnen et al., 2012",Analyzed the pattern of cortical invasion by microglial cells in mouse embryos at the onset of neuronal cell migration using in vivo immunohistochemistry and ex vivo time-lapse analysis of microglial cells,"""Microglial cells begin to invade the cortex at 11.5 days of embryonic age (E11.5)""",https://doi.org/10.1002/glia.22421,,Brain,Amici,
Mouse,Neural crest development,8.0,"Nichols, 1981",Being 3-4 somites equivalent to 8 (7.5-8.75) pcd approximately (based on Theiler Stage Definition),"""The first indications of crest formation are seen in the midbrain/anterior hindbrain at 3-4 somites where crest cells accumulate in the basal surface of the ectodermal epithelium near the future margin of the neural plate""",https://doi.org/10.1242/dev.64.1.105,,Brain,Amici,
Mouse,Neural folds fusing,8.6,"Jacobson & Tam, 1982",,"""By the time the embryo has seven somites, fusion of the neural folds commences in the cervical region and spreads into the caudal myelencephalon (Figs. 2-7s. 3-7s"" Embryos at various
stages of neurulation were obtained from preg-
nant females at 8.0-9.25 days p.c. ",https://doi.org/10.1002/ar.1092030308,,Brain,Amici,
Mouse,Neural plate formed,7.75,"Jacobson & Tam, 1982",,""" By 7.5-8.0 days P.c., at presomite
 stages, the anterior portion of the epiblast is organized into a simple columnar epithelium, the cephalic neural plate (Figs. lA, 2-OS, 3-0s)""",https://doi.org/10.1002/ar.1092030308,,Brain,Amici,
Mouse,Caudal (posterior) neuropore closure ,9.4,"Schoenwolf, 1984; Nievelstein et al., 1993",,"""The posterior neuropore closes in C57BL/6 mouse embryos after approximately 27-29 somites have formed (i.e., during 9.5 days of gestation)"" (Schoenwolf, 1984). / ""Closure of the caudal neuropore (9.0-9.8  days; Fig. 1): Approximately 27-29 somites have been formed around 9.8 days, followed by a column of presomitic tissue."" (Nievelstein, 1993).",https://doi.org/10.1002/aja.1001690402,,Brain,Amici,
Mouse,Neural plate formation,7.75,"Jacobson & Tam, 1982",,""" By 7.5-8.0 days P.c., at presomite
 stages, the anterior portion of the epiblast is organized into a simple columnar epithelium, the cephalic neural plate (Figs. lA, 2-OS, 3-0s)""",https://doi.org/10.1002/ar.1092030308,,Brain,Amici,
Mouse,Notochordal development starts,8.0,"Jurand, 1974",Light microscope observations on the organogenesis of the notochord,"""The formation of the notochord is first detected in 8-day-old embryos, when Hensen's node appears at the cranial end of the primitive streak.""",https://doi.org/10.1242/dev.32.1.1,,Brain,Amici,
Mouse,Onset of marrow hematopoiesis,16.5,"Coşkun et al., 2014",,"""The first fetal bone marrow HSPC activity was detected at E16.5 (Figure 1D), and it was restricted to the vascularized (middle) region of the developing bones (Figure 1A)""
",https://doi.org/10.1016/j.celrep.2014.09.013,,Body,Amici,
Mouse,Optic fissure closure,12.0,"Hero, 1989",,"""OPTIC FISSURE IN NORMAL/MICROPHTHALMIC MOUSE 231
FIG. 2. High power of area marked in Fig. 1. Normal foetal eye at 12 days of gestation. The fissure
margins (FM) are approaching each other. Note intervening mesenchyme (M) containing hyaloid vessels.
S.E.M. X l(@o.
Fra. 3. Scanning electronmierograph of normal foetal eye at 12 days of gestation. Inferior aspect of
globe demonstrating optic fissure (F) during early fusion. Note inversion of retinal pigment, epithelium
(RPE). Retina (R). S.E.M""",https://doi.org/10.1016/0014-4835(89)90093-6,,Body,Amici,
Mouse,Optic sulcus,8.5,"Yun et al,. 2009",SS= somite stage. SS12 considered as 8.5 pcd (8-9.25). Also in figure 1 b.,"""Optic sulci are formed by ss12, and are the earliest morphological indications of OV formation""",https://doi.org/10.1242/dev.041202,,Body,Amici,
Mouse,Optic vesicle formation,9.5,"Pei & Rhodin, 1970",,"Stage 1 (approx. 9-10 day of gestation) (figs. 1, 2).The optic vesicles at this stage appear as two large, lateral outgrowths of the forebrain.",https://doi.org/10.1002/ar.1091680109,,Body,Amici,
Mouse,Primary fissure of the cerebellum formation,17.5,"Sudarov & Joyner, 2007",,"""By E17.5, however, the surface was already divided by three slight indentations representing three of the four principal fissures: preculminate, primary, and secondary (Figure 1b, asterisks).""",https://doi.org/10.1186/1749-8104-2-26,,Brain,Amici,
Mouse,Primitive streak primordium,7.5,"Williams et al., 2012",,"""The streak then achieves its full length at E7.5 by growing as the embryo grows.""",https://doi.org/10.1002/dvdy.23711,,Brain,Amici,
Mouse,Sexual maturity reach,55.0,Drickamer 1981,,"Selection resulted in two slow lines which mature at
47-48 days of age and two fast lines which mature at 27-28 days of age; control
stocks attain first estrus at 34-36 days of age",https://doi.org/10.1016/S0163-1047(81)91114-6,,Body,Amici,
Mouse,Subplate emerges,12.0,Anna Hoerder 2012,,""" Here we demonstrate with bromodeoxyuridinebirthdating that cells labeled with any 1 of these molecular subplatemarkers are indeed generated at E11.5 or E12.5 in the mouse 

(PDF) Molecular Diversity of Early-Born Subplate Neurons. Available from: https://www.researchgate.net/publication/225044448_Molecular_Diversity_of_Early-Born_Subplate_Neurons""",http://dx.doi.org/10.1093/cercor/bhs137,,Brain,Amici,
Mouse,Thalamus formation,12.0,"Chen et al., 2017",,"""The caudal portion of the prosencephalon forms the remaining structures of the diencephalon. This region associates with the optic nerve (CN II) and will differentiate into the epithalamus, thalamus, and hypothalamus by E12.0.""",https://doi.org/10.1177/0192623317728134,,Brain,Amici,
Mouse,Third pharyngeal pouches formation,12.5,"Dan Zou 2014
",,"At around E12.5, the 3rd pouch-derived thymus (th)/parathyroid (pt) primordia and the 4th pouch-derived ultimobranchial bodies (ub) in wild-type embryos are evident. ",https://doi.org/10.1016/j.ydbio.2005.12.015,,Body,Amici,
Mouse,Thymic primordia,11.25,"Gordon et al., 2001",The thymus and parathyroids originate from a common primordium that develops from the third pharyngeal pouch in mice and humans.,"""In contrast, Foxn1 is not expressed until after the common primordium is formed, beginning at E11.25""",https://doi.org/10.1016/S0925-4773(01)00333-1,,Body,Amici,
Mouse,motoneuron innervation,10.5,"Alek G. Erickson,  2024",,fig 1,https://doi.org/10.1038/s41467-024-51290-0,,Body,Amici,
Mouse,start of multipolar morphology in motoneurons,17.0,"Erickson, A.G. 2024",,"sing the E17–P0 length as a baseline (dashed line in Fig. 5e), total dendrite length had increased by 37 % at P1–P4 and by 69 % at P5–P8, then remained relative stable (71 %) at P9–P13, with a further small increase to 79 % at P14–P28",https://doi.org/10.1007/s00429-015-1130-8,,Body,Amici,
Mouse,end of multipolar morphology in motoneurons,34.0,"Erickson, A.G. 2024",,"sing the E17–P0 length as a baseline (dashed line in Fig. 5e), total dendrite length had increased by 37 % at P1–P4 and by 69 % at P5–P8, then remained relative stable (71 %) at P9–P13, with a further small increase to 79 % at P14–P28",https://doi.org/10.1007/s00429-015-1130-8,,Body,Amici,
Rat,Gastrulation Start,9.0,"Mac Auley et al., 1993","The onset of gastrulation in rodents is associated with the start of differentiation within the embryo proper
 and a dramatic increase in the rate of growth and proliferation","""We have determined the duration of the cell cycle for mesodermal and ectodermal cells of rat embryos during gastrulation (days 8.5 to 9.5 of gestation) using a stathmokinetic analysis.""",https://doi.org/10.1242/dev.117.3.873,,Body,Amici,
Rat,Intermediate zone formation,15.0,"Alicelebić & Grbesa, 2004",,"""During E15 a new cytoarchitectonic layer, the intermediate zone (“mantle layer”), appears on the border-line between ventricular and marginal zone""",https://doi.org/10.17305/bjbms.2004.3375,,Brain,Amici,
Rat,Neural plate formed,9.0,"Freeman, 1972",,"""(A) Stage 12 (primitive streak), day 9 of gestation. PRO = proamniotic cavity; PNE = primitive neural epithelium; END = endoderm; glutaraldehyde-osmium fixation, × 120.""",https://doi.org/10.1242/dev.28.2.437,,Brain,Amici,
Rat,Caudal (posterior) neuropore closure ,9.375,Vivian S. Chen 2017,,Caudal (posterior) neuropore closure         9.25–9.5,https://doi.org/10.1177/0192623317728134,,Brain,Amici,
Rat,Neural plate formation,9.0,"Freeman BG, 1972",,"""They were explanted at 8 A.M. on day 9 of gestation from timed-pregnant Sprague-Dawley rats which were obtained by mating between 8 and 10 A.M. (plug day = day 0). ...A large variation in developmental stage was demonstrated; the youngest embryo was at the early primitive streak stage with no signs of amniotic folds and the oldest one was at the late neural plate stage with a foregut pocket but without visible somites""",https://doi.org/10.1002/tera.1420450611,,Brain,Amici,
Mouse,Clavicular osteogenesis,14.0,S Tran 1989,,"""This study documents, in the embryonic mouse: (a) the onset of clavicular osteogenesis at 14 days of gestation (Theiler stage 22);""",https://doi.org/10.1159/000146754,,Body,Amici,
Human,Clavicular osteogenesis,28.0,S Ogata 1990,,"""We confirmed that the clavicle is formed by two membranous primary ossification centers appearing by 6 weeks and fusing approximately 1 week later.""",https://doi.org/10.3109/17453679008993529,,Body,Amici,42.0
Human,onset of secondary ossification center in the distal radius,479.6,John A. Ogden 1981,,"""At seven months the structure of the physes was
 still primarily transversely directed (Fig. 3). The distal
 ulna was beginning to show a mild amount of undula-
 tion. The secondary ossification center was beginning to form in the distal radius.""",https://doi.org/10.1007/bf00347198,,Body,Amici,487.01
Mouse,onset of secondary ossification center in the distal radius,27.0,J. T. PATTON AND M. H. KAUFMAN 1994,,"""The radius has a primary centre evident by d 15 of
 pregnancy and a secondary centre distally by 7 d after
 birth and proximally by 14 d after birth.""",https://pmc.ncbi.nlm.nih.gov/articles/PMC1167283/,,Body,Amici,
Human,Metopic suture,650.14,Reem Albuhairan 2025,,Table III. ,https://doi.org/10.1016/j.wneu.2024.123599,,Body,Amici,657.54
Mouse,Metopic suture,35.0,David E. Sahar 2005,," As seen in Fig. 2A, evidence of PF suture changes preceding closure was seen as early as p7 in the form of cellular condensation in suture mesenchyme. However, an overt ossified bony bridge was not seen until p9–p10. This process started anteriorly in the PF endocranial layer and proceeded posteriorly. PF suture closure was largely completed by p15.",https://doi.org/10.1016/j.ydbio.2005.01.022,,Body,Amici,
Human,Coronal closure,17615.975,"Pardeep Singh, 2004",,Table 1,https://doi.org/10.1177/09710973200401044,,Body,Amici,14884.0
Mouse,Coronal closure,39.0,Veraragavan P Eswarakumar 2004,Fusion of the coronal suture did not occur through 13 weeks of age in any of the normal mice studied.https://doi.org/10.3171/jns.1981.55.2.0265,"fig 2""Histological sections of the coronal suture showing increased overlap of frontal (f) and parietal (p) bones at E16.5 and obliterated suture at P29 (arrows). (Scale bars, 200 μm.)""",https://doi.org/10.1073/pnas.0405031101,,Body,Amici,
Human,Vertebrae length reaches a plateau,7023.725,Tristan Whitmarsh 2014,,fig 3,https://doi.org/10.1007/978-3-642-33463-4_4,,Body,Amici,10501.0
Mouse,Vertebrae length reaches a plateau,90.0,Chitra Lekha Dahia 1976,,fig1,https://doi.org/10.1097/brs.0b013e3181990c64,,Body,Amici,
Human,Sacrum formation (S1/S2 fusion),7754.225,D R Broome 1998,,table 4,http://dx.doi.org/10.2214/ajr.170.4.9530059,,Body,Amici,7751.625
Mouse,Sacrum formation (S1/S2 fusion),111.0,Raffaella Bonavita 2018,,"""By 12 to 14 weeks of age, the NP cells had collapsed in the two cranial discs and the disc height and NP spaces were dramatically reduced compared with S3/S4 (compare S1/S2 with S3/S4 in Fig. 1A,D,E)""",https://doi.org/10.1242/bio.035592,,Body,Amici,
Human,Myelination during development End,10501.6,"Miller et al., 2012",Depending on the brain structures,"After infancy, the rate of myelination slowed during childhood and adolescence, but exhibited continued growth until the end of the third decade. Specifically, mean MFLD during later adulthood (defined as ≥28 y)""",https://doi.org/10.1073%2Fpnas.1117943109,,Body,Campos-Iorii 2023,
Human,myelin maximun in the neocortex,6483.85,Maggie S.Y.Yeung 2014,,"This revealed an initially steep increase in myelin volume (86% of the final volume was reached at 5 years of age). The increase continued into adolescence, reaching its maximum at 17 years of age.",https://doi.org/10.1016/j.cell.2014.10.011,,Brain,Campos-Iorii 2023,
Human,Total cerebral volume peak,5826.400000000001,"Narvacan et al., 2017",,"From Figure 2 ""Total brain volume"", peak 15,2 +/- 1,7 years",https://doi.org/10.1002%2Fhbm.23604,,Brain,Campos-Iorii 2023,
Human,Plateau reached in volume growth of the brain,4840.225,"Mills et al., 2016","From this point on, the volume of the intracranial volume remains constant while the brain volume decreases a little with the passage of time","""With our results integrated into this lifespan model, it appears that WBV increases until some point between ages 10–15 years, then decreases until some point in the early twenties, after which it remains roughly stable until around age 40 when it begins to decrease again""",https://doi.org/10.1016/j.neuroimage.2016.07.044,,Brain,Campos-Iorii 2023,
Human,Pubertal onset in males,3927.1,M E Herman-Giddens 2001,,"The median (equivalent mean) ages at stage 2 for pubic hair development of white, African American, and Mexican American boys were 12.0 (95% confidence interval [CI], 11.7-12.3), 11.2 (95% CI, 10.9-11.4), and 12.3 (95% CI, 12.1-12.6) years, respectively, and at stage 2 for genital growth were 10.1 (95% CI, 9.6-10.6), 9.5 (95% CI, 8.9-10.0), and 10.4 (95% CI, 9.6-11.1) years, respectively.",https://doi.org/10.1001/archpedi.155.9.1022,,Body,Campos-Iorii 2023,
Human,Pubertal onset in females,3890.575,"Biro et al., 2008","In females. In girls, increased ovarian and adrenal sex steroid secretion leads to the physical manifestations of puberty, thelarche and pubarche","""However, age at onset of puberty was different, with a mean onset of puberty of 9.65 years in girls entering puberty via thelarche or pubarche, and 10.16 years in girls entering puberty with simultaneous breast and pubic hair development (p < .0008).""",https://doi.org/10.1016/j.jpag.2007.09.008,,Body,Campos-Iorii 2023,
Human,Peak density of dendrytic spines in layer V of the PFC,3196.6,"Petanjek et al., 2011",,Although a significant decline of DSD in basal and proximal apical oblique dendrites started at age 7–9 y,https://doi.org/10.1073/pnas.1105108108,,Brain,Campos-Iorii 2023,
Human,major increase  in fear conditioning ,2282.1,Yu Gao 2010,,"""conditioned responses in 200 children at ages 3, 4, 5, 6, and 8 years. Results demonstrated that in both boys and girls: (1) fear conditioning increased across age, particularly from ages 5 to 6 years""",https://doi.org/10.1111%2Fj.1467-7687.2009.00874.x,,Brain,Campos-Iorii 2023,
Human,crawling  End,732.1,Iryna Babik 2013,,Table 2,https://doi.org/10.1111/cdev.12121,,Brain,Campos-Iorii 2023,
Human,Adult-like Locomotor function,694.6,"Forssberg, 1985",We consider adult-like locomotor function as independent locomotion in children,"""Locomotor patterns of human infants were studied during stepping in the newborn period (first two months of life), during supported locomotion (6-12 months of age) and during independent locomotion in children who just were able to walk by themselves without external support (10-18 months of age)""
",https://doi.org/10.1007/bf00237835,,Brain,Campos-Iorii 2023,
Human,RBM3 expression peak in cortex,639.6,"Jackson et al., 2019",Infants were 36 weeks old,"RBM3 staining intensity was greatest in the hippocampus and in the PFC in <1 year infants (OD: 9.11 ± 4.52 and 11.95 ± 1.34, respectively) and in 1 year-olds (OD: 8.62 ± 11.19 and 9.46 ± 2.51, respectively). ",https://doi.org/10.1177/0271678X19878889,,Brain,Campos-Iorii 2023,
Human,Increase of KCC2 expression in the cortex End,638.6,"Dzhala et al., 2006",,Figure 1,https://doi.org/10.1038/nm1304,,Brain,Campos-Iorii 2023,
Human,Beggining of playful behavior,544.6,Fenson 1976,"Buhler (1933), Buhler (1935, 1967) and Piaget (1967) are agreed that play in early
infancy consists in the exercise of the child's developing functions, irrespective of the
nature of the material handled (""function"" or ""practice games"")","""The data show that children begin to physically combine objects as early as 9 months and that, especially by 13 months, their combinations often show appreciation of the socio-cultural use of objects and recognition of physical and/or functional similarities among objects"" // ""All but one of the nine-month-old children showed mouthing and manipulatory play (banging, throwing or waving) (Table IV)""",https://doi.org/10.2307/1128304,,Brain,Campos-Iorii 2023,
Human,crawling peak,543.91,Iryna Babik 2013,,Table 2,https://doi.org/10.1111/cdev.12121,,Brain,Campos-Iorii 2023,
Human,density of synapses stop to increase in the visual cortex,518.6,P R Huttenlocher 1982,,fig2,https://doi.org/10.1016/0304-3940(82)90379-2,,Brain,Campos-Iorii 2023,
Human,crawling  Start,457.6,Iryna Babik 2013,,Table 2,https://doi.org/10.1111/cdev.12121,,Brain,Campos-Iorii 2023,
Human,GAD65 expression reach adult levels,456.1,"Xu et al., 2011",,"and dramatically increased to approximately 85%
of the adult standard between 45 postconceptional weeks and
6 postnatal months, with a plateau thereafter.",https://doi.org/10.1097/NEN.0b013e31822f471c,,Brain,Campos-Iorii 2023,
Human,Lactation End,454.6,Dewey 2004,The time coincides with teeth eruption in babies,"""We conclude that exclusive breastfeeding for 6 months can be recommended even in a low-income population of a developing country such as Honduras.""",https://doi.org/10.1093/jn/134.5.1091,,Brain,Campos-Iorii 2023,
Human,solid food intake,454.6,Dewey 1999,"""Given the displacement of breast milk that occurs when other foods are introduced, and the potential increase in diarrhoeal morbidity, the advantages of exclusive breastfeeding to 6 months likely outweigh the potential disadvantages in most developing countries.""","""We conclude that exclusive breastfeeding for 6 months can be recommended even in a low-income population of a developing country such as Honduras.""",http://dx.doi.org/10.1093/ajcn/69.4.679,,Brain,Campos-Iorii 2023,
Human,Development of sleep cycles,394.6,"De Roquefeuil et al., 1993",,"""The main findings are (a) the circadian rhythm of wakefulness and sleep is clearly set up as early as at 4 months ofage and consolidates between 6 and 7 months""",https://doi.org/10.3109/07420529309064481,,Brain,Campos-Iorii 2023,
Human,Crying changes,349.6,"Zeskind, 2011",Starts being a response to social signals,"""With significant neurobehavioral reorganization between 2 and
 3 months of age""",https://doi.org/10.3389/fpsyt.2011.00056,,Brain,Campos-Iorii 2023,
Human,Lactation Start,274.6,Dewey 2004,,"""We conclude that exclusive breastfeeding for 6 months can be recommended even in a low-income population of a developing country such as Honduras.""",https://doi.org/10.1093/jn/134.5.1091,,Brain,Campos-Iorii 2023,
Human,Switch to adult hemoglobin End,286.6,"Walker & Tumbull, 1955",detected by alkali-denaturation,"The dissociation curve of the blood in the post-mature foetus and infant will therefore be much further to the right than that in the blood of the foetus at 40 weeks with the same haemoglobin level, as the post-mature foetus has much more adult haemoglobin. The blood of the foetus in the 42nd and 43rd week will therefore pick up oxygen much less easily from the maternal blood,",https://doi.org/10.1136/adc.30.150.111,,Body,Campos-Iorii 2023,
Human,GABAergic neuronal density peak in cortex,286.6,"Xu et al., 2011","The GABAergic neuronal density increased in the cortex over late gestation, also with a peak at term"," The density of GABAergic neurons increases from midgestation to term, peaks at term, and decreases thereafter in infancy in Layers I to VI",https://doi.org/10.1097/NEN.0b013e31822f471c,,Brain,Campos-Iorii 2023,
Human,Increase of KCC2 expression in the cortex Start,286.6,"Dzhala et al., 2005",,Figure 1,http://dx.doi.org/10.1038/nm1301,,Brain,Campos-Iorii 2023,
Human,Olfactory bulb formation End,279.6,"Kharlamova et al., 2015","Immunohistochemical markers of presynaptic terminals (anti-SNAP-25, synapsin-I, and synaptophysin) were used to evaluate the maturation of the OB.","""Complete maturity of the human OB is reached at the 38th–40th week of prenatal development.""",http://dx.doi.org/10.1134/S1062360415030054,,Brain,Campos-Iorii 2023,
Human,Peak of NKCC1 expression in the cortex,252.0,"Dzhala et al., 2005",Western blot and immunofluorescence double labeling,"""Between 31 and 41 PCW, when NKCC1 levels were peaking (...)"" ""(...)peaking at approximately threefold higher at 35 PCW""",http://dx.doi.org/10.1038/nm1301,,Brain,Campos-Iorii 2023,
Human,Increase of immature OLs in the cerebral white matter,241.5,"Back et al., 2001",,"""Between 28 and 41 weeks, an increase in immature OLs to 30.9 ± 2.1% of total OLs (n = 9) was accompanied by a progressive increase in MBP+ myelin sheaths that were restricted to the periventricular white matter."". Also Figure 9",https://doi.org/10.1523/jneurosci.21-04-01302.2001,,Brain,Campos-Iorii 2023,
Human,Eye opening,231.0,Jason C. Birnholz 1985,,"""Ocular dynamics were not part of this study, although there were two fortuitous
observations. First, elevation of the eyes accompanied spontaneous and induced
blinking after 32 weeks (Bell’s phenomenon). Second, a blink response was elicited
in one case at 35 weeks gestational age with percutaneous orange light stimulation""",https://doi.org/10.1016/0378-3782(85)90182-3,,Brain,Campos-Iorii 2023,
Human,Optic tract - onset of myelination,224.0,"Magoon, 1981","The early development of myelin in
human optic nerve and tract was studied
in plastic-embedded material from postmortem examinations of 18 infants and
children. Specimens were examined by
light and electron microscopy, and a good
correlation was found between the data
obtained by the two techniques","""The characteristic lamellae of myelin were first seen around a few fibers of tract and intracranial optic nerve at 32 weeks of gestation""",https://doi.org/10.1001/archopht.1981.03930010655011,,Body,Campos-Iorii 2023,
Human,Hearing start,196.0,"Birnholz & Benacerraf, 1983",,"""Responses were first elicited between 24 and 25 weeks of gestational age and were present consistently after 28 weeks""",https://doi.org/10.1126/science.6623091,,Body,Campos-Iorii 2023,
Human,Start of synaptogenesis in cortex,189.0,"Huttenlocher & Dabholkar, 1997",The formation of synaptic contacts in human cerebral cortex was compared in two cortical regions: auditory cortex (Heschl’s gyrus) and prefrontal cortex (middle frontal gyrus).,"""Synapse formation in both cortical regions begins in the fetus, before conceptual age 27 weeks""",https://doi.org/10.1002/(sici)1096-9861(19971020)387:2%3C167::aid-cne1%3E3.0.co;2-z,,Brain,Campos-Iorii 2023,
Human,NMDA receptor density peak in hippocampus,175.0,"Represa et al., 1989",In hippocampus,"""In the human hippocampus, the density of glutamate and N-methyl-D-aspartate (NMDA) binding sites follows during development a bell-shaped curve with a peak at 23-27 fetal weeks"".",https://doi.org/10.1016/0304-3940(89)90265-6,,Brain,Campos-Iorii 2023,
Human,Apoptotic peak in the brain ,175.0,R Spreafico ,,""" The present detailed inves-tigation of TUNEL positivity in layer I revealed that aftermidgestation,  apoptotic  phenomena  peaked  between  23and  31  GW""",https://doi.org/10.1002/(sici)1096-9861(19990719)410:1%3C126::aid-cne11%3E3.0.co;2-5,,Brain,Campos-Iorii 2023,
Human,Myelination during development Start,150.5,"Jakovcevski, Mo & Zecevic (2007)","Midgestation taken as 19–24 gestation weeks, gw. The results suggest that in human fetal forebrain the onset of myelination is inversely related to the amount of PSA-NCAM expressed by axons","""During midgestation, the first MBP+ pre-myelinating oligodendrocytes appear in the telencephalic white matter (Jakovcevski and Zecevic, 2005a).(...) We conclude that at midgestation myelination progresses through regions in which PSA-NCAM expression is down-regulated.""",https://doi.org/10.1016%2Fj.neuroscience.2007.07.044,,Body,Campos-Iorii 2023,
Human,Switch to adult hemoglobin Start,140.0,"Beaven et al., 1951",,it is apparent that the change from foetal to adult haemoglobin is a gradual process starting not later than midway through pregnancy. In the earliest foetal sample examined (20 weeks) there is 6-7 % of adult type haemoglobin.,https://doi.org/10.1042/bj0490374,,Body,Campos-Iorii 2023,
Human,Beginning of gliogenesis,140.0,"Fu et al., 2021","EGFR = Epidermal Growth Factor Receptor. Here, Fu et al. explore the molecular, morphological, and distribution characteristics of EGFR+ human glial progenitor cells, providing insight into the glial development in the human cerebral cortex.","""Here, we find that EGFR expression begins to sharply increase after gestational week (GW) 20, which corresponds to the beginning stages of human gliogenesis""",https://doi.org/10.1016/j.celrep.2021.108788,,Body,Campos-Iorii 2023,
Rat,myelin maximun in the neocortex,112.0,"Yang et al., 2017",,"""Immunohistochemistry for myelin basic protein (MBP) show that myelination at P7 was extremely low, but increased rapidly after weaning (P21) and peaked in adult (P90), then it gradually decreased in the aged cortex (P300, P400)""",https://doi.org/10.1093/cercor/bhw121,,Brain,Campos-Iorii 2023,
Human,Primary fissure of the cerebellum formation,98.0,"Liu et al., 2011",,"""The primary fissure was the first to be visualized, and was detectable as early as week 14 (Fig. 2B1)""",https://doi.org/10.1111/j.1469-7580.2011.01418.x,,Brain,Campos-Iorii 2023,
Human,Type 1 astrocytes appear in the optic nerve,91.0,"Morcos and Chan-Ling, 2000","Type 1 astrocytes express glial fibrillary acidic protein (GFAP), a cytoskeletal marker of astrocytes, but do not express neural cell adhesion molecule (NCAM).","During fetal development, a concentration of GFAP immunoreactivity was evident at the retinal end of the human optic nerve as early as 13 WG (Fig. 3B) and persisted throughout gestation (Fig. 3, D and F). Thus, astrocytes accumulate at the distal limit of the optic nerve early in gestation.",https://doi.org/10.1023/a:1010835404754,,Body,Campos-Iorii 2023,
Rat,Plateau reached in volume growth of the brain,82.0,"Mengler et al., 2014",Myelin accretion is pronounced until the end of the third postnatal month,"From Figure 3 ""Whole Brain Volume"" (Mengler et al.) - approximately 2 months",https://doi.org/10.1016/j.neuroimage.2013.08.034,,Brain,Campos-Iorii 2023,
Rat,Total cerebral volume peak,82.0,"Mengler et al., 2014",In males. Use of mean value of performed high-resolution longitudinal MRI study at 11.7 T of male Wistar rats between 21 days and six months of age,"From Figure 3 ""Whole Brain Volume"" (Mengler et al.)",https://doi.org/10.1016/j.neuroimage.2013.08.034,,Brain,Campos-Iorii 2023,
Human,Thyroid hormone (TH) secretion onset,77.0,"Thorpe-Beeston et al., 1991",,"""Our results support the finding of Greenberg et al. that serum concentrations of thyroid-stimulating hormone and total and free T4 increase between 11 and 24 weeks of gestation""",https://doi.org/10.1056/nejm199102213240805,,Body,Campos-Iorii 2023,
Human,Subpial granular layer starts emerging,77.0,"Rakic, 2003",,"""At 11 g.w., layer I became more complex since at this time the subpial granular layer (SGL) starts emerging on the ventral brain surface (Fig. 7B,C). """,https://doi.org/10.1093/cercor/13.10.1072,,Brain,Campos-Iorii 2023,
Human,Intermediate zone formation,77.0,"Zecevic et al., 2005",,"""At 11 gw, in the lateral cortex, the SVZ/VZ border as well as the upper border with the intermediate zone (IZ) are clearly pronounced""",https://doi.org/10.1002/cne.20714,,Body,Campos-Iorii 2023,
Rat,Pubertal onset in males,66.9,"Drzewiecki et al., 2016","Pubertal status was assessed using identifiable
anatomical indicators for all animals that reached
puberty prior to sacrifice. In female subjects, pubertal
onset was marked by vaginal opening, which coin-
cides with maturation of the hypothalamic-pituitary-
ovarian axis, increases plasma LH and FSH levels as
well as the appearance of the estrous cycle (Hal_x0013_asz
et al., 1988; da Silva Faria et al., 2004). Pubertal
onset was verified in male rats by preputial separa-
tion, or separation of the prepuce from the glans
penis which is dependent upon the pubertal surge of
endogenous androgen hormones (Korenbrot et al.,
1977)","""The average age for the onset of puberty in females was P34.9, with a range of 32–38. In males, the average age of pubertal onset was P44.9, with a range of 42–48.",https://doi.org/10.1002/syn.21909,,Body,Campos-Iorii 2023,
Human,The primordium hippocampi develops,66.5,Hajnalka Abraham 2004,,"At 9/10 GW (Fig. 1B–D), the MZ had widened and a slight curve marked the site of the emerging hippocampal fissure (open arrow) and prospective hippocampal formation,",https://doi.org/10.1093/cercor/bhh010,,Brain,Campos-Iorii 2023,
Human,Appearance of SVZ,63.0,"Zecevic et al., 2005",Subventricular zone starts producing local circuit neurons and glial cells,"""For the first time, at 9 gw, a distinct, although small, SVZ could be recognized between the highly proliferative VZ and the non-proliferative intermediate zone""",https://doi.org/10.1002/cne.20714,,Brain,Campos-Iorii 2023,
Human,presence of microglial cells in cortex,63.0,"Monier et al., 2007",,Table 4: 9-13 g.w,https://doi.org/10.1097/nen.0b013e3180517b46,,Brain,Campos-Iorii 2023,
Human,Start of synaptogenesis in cortex,59.5,"Molliver et al., 1973",,"Synapses were identified in cerebral cortex o f every fetus examined by us, using
criteria previously described v. F r o m 8.5-18 weeks o f gestation* synapses are p r e s e n t
above a n d below the cortical plate, but never withit~ it. The f r e q u e n c j o f s y n a p s e s
increases progressively with age. In o u r y o u n g e s t fetus (8.5 weeks, 37 m m ) very few
synapses were f o u n d ( a b o u t 5 per section o f 1 m m ~'z 1 m m ) ; ",https://doi.org/10.1016/0006-8993(73)90741-5,,Brain,Campos-Iorii 2023,
Rat,Peak density of dendrytic spines in layer V of the PFC,57.0,Allyson P Mallya 2019,,fig2,https://doi.org/10.1093/cercor/bhy061,,Brain,Campos-Iorii 2023,
Rat,Peak density of dendrytic spines in layer V of the PFC,57.0,"Koss et al., 2013",There were no significant effects of sex on dendritic spine measures. A significant effect of age was found in dendritic spine density on BLN terminal dendrites (BLN = basolateral amygdala),"""Post t-tests revealed that spine density increased from P20 and P35 (P = 0.004) with no differences between P35 and P90"" . Also Figure 3A",https://doi.org/10.1002/syn.21716,,Brain,Campos-Iorii 2023,
Rat,Pubertal onset in females,56.9,"Drzewiecki et al., 2016","Pubertal status was assessed using identifiable
anatomical indicators for all animals that reached
puberty prior to sacrifice. In female subjects, pubertal
onset was marked by vaginal opening, which coin-
cides with maturation of the hypothalamic-pituitary-
ovarian axis, increases plasma LH and FSH levels as
well as the appearance of the estrous cycle (Hal_x0013_asz
et al., 1988; da Silva Faria et al., 2004). Pubertal
onset was verified in male rats by preputial separa-
tion, or separation of the prepuce from the glans
penis which is dependent upon the pubertal surge of
endogenous androgen hormones (Korenbrot et al.,
1977)","""The average age for the onset of puberty in females was P34.9, with a range of 32–38. In males, the average age of pubertal onset was P44.9, with a range of 42–48.",https://doi.org/10.1002/syn.21909,,Body,Campos-Iorii 2023,
Human,Olfactory bulb formation Start,56.0,"Kharlamova et al., 2015","Immunohistochemical markers of presynaptic terminals (anti-SNAP-25, synapsin-I, and synaptophysin) were used to evaluate the maturation of the OB.","""At the 8th week of development, OB were represented by diverticula of the forebrain ventral walls, in which three zones could be distinguished: a ventricular (ependymal) zone, a mantle zone, and a marginal
fibrous zone""",http://dx.doi.org/10.1134/S1062360415030054,,Brain,Campos-Iorii 2023,
Human,Development of the cortical plate,52.5,"Zecević, 1993; Meyer et al., 2000","Cellular composition and lamination of the telencephalic wall (TW) was studied
 with Golgi impregnation in human embryos before and during the cortical plate formation (5, 6-7 and 7-8 gestational weeks (g.w.) (Zecevic, 1993)","""At 7-8 g.w. (stages 20-22), the cortical plate appeared between the IZ and the MZ at the ventrolateral level of the telencephalic wall"" (Zecevic, 1993)",https://doi.org/10.1016/0378-3782(93)90007-H,,Brain,Campos-Iorii 2023,
Human,first cortical GABAergic neurons,49.0,Nahidh Al-Jaberi 2015,,"At 6.5–7.5 PCW, we confirmed the presence of GAD2 and CALB2 expressing neurons in the preplate as previously described (Meyer et al. 2000; Rakic and Zecevic 2003)",https://doi.org/10.1093%2Fcercor%2Fbht254,,Brain,Campos-Iorii 2023,
Rat,Myelination during development End,46.0,Downes & Mullins (2013),"""Two areas that are only sparsely myelinated at this stage are the posterior tracts of the fornix as they traverse the hypothalamus and the ammillothalamic tract. In fact, neither of these areas appears to be fully myelinated before about PND 44""","""By PND 24 of age, almost all areas that are myelinated in the adult rat are now fully myelinated."" (Downes & Mullins, 2013)",https://doi.org/10.1097/nen.0b013e3180517b466,,Body,Campos-Iorii 2023,
Human,Thymic primordia,44.0,"Farley et al., 2013",,"""By early week 7 (CS18), outgrowth of the third PP to form the common thymus/parathyroid primordium (Gordon et al., 2001) had occurred,  equivalent to ~E11.5 in the mouse (Fig. 1A)""",https://doi.org/10.1242/dev.087320,,Body,Campos-Iorii 2023,
Rat,solid food intake,43.0,"Henning et al., 1979",,"""This appearance of appetitive behavior during the 3rd postnatal wk was shown to have a temporal correlation with the beginning of weaning, as measured by the appearance of chow in the stomachs.""",https://doi.org/10.1152/ajpregu.1979.237.3.r187,,Brain,Campos-Iorii 2023,
Rat,Increase of KCC2 expression in the cortex End,43.0,"Dzhala et al., 2004",,Figure 1,https://doi.org/10.1038/nm1302,,Brain,Campos-Iorii 2023,
Human,Thalamus formation,42.0,"Mojsilović & Zečević, 1991",Embryos of 5 and 6 g.w. (CRL 9-14 mm),"In the
earliest period analyzed, from 5-6 weeks of gestation, dorsal and ventral parts of
the human thalamus were poorly differentiated structures forming the sides of the
third ventricle. At 6 g.w., the prospective thalamic anlage consisted of the ventricular
(VZ), the intermediate (IZ) and the marginal zones (MZ). The neurons in the VZ
were bipolar and radially arranged to the ventricular surface. From 6-8 gestational
weeks detached bipolar or branched bipolar cells with horizontal or oblique orienta-
tion were encountered in the IZ and occasionally in the MZ.",https://doi.org/10.1016/0378-3782(91)90033-Y,,Brain,Campos-Iorii 2023,
Rat,Crying changes,42.0,"Zeskind, 2011",Ultrasonic vocalization drops linearly from 45 kHz to 25 kHs. (Ultrasonic vocalization is analogus for human crying).,"""The dominant frequency (frequency with highest amplitude) of ultrasound production decreases linearly from 45 kHz at 2 days of age to 25 kHz at 20 days of age (Blumberg et al., 2000). Similar to changes in the human newborn after 2 months, changes in vocalizations over the first two postnatal weeks may reflect a transformation from a more reflexive behavior in response to variations in temperature to a more social behavior in response to social cues""",https://doi.org/10.3389/fpsyt.2011.00056,,Brain,Campos-Iorii 2023,
Rat,Lactation End,41.5,"König & Markl, 1987",,"""During days 17–22, the weaning period, the young begin to eat solid food""",https://doi.org/10.1007/BF00292161,,Brain,Campos-Iorii 2023,
Human,Prospective stage of submandibular salivary gland development,40.25,"Quirós-Terrón et al., 2019","At this stage, the primordium of the parasympathetic ganglion lies below the lingual nerve.","""The prospective stage (1), between weeks 5.5 and early week 6, is characterized by a thickening of the epithelium of the medial paralingual groove in the floor of the mouth corresponding to the primordium of the submandibular salivary gland parenchyma.""",https://doi.org/10.1111/joa.12955,,Body,Campos-Iorii 2023,
Rat,Beggining of playful behavior,40.0,"Panksepp, 1981","Play behavior, as indicated by frequency and duration of pinning behavior, was studied in young rats between 18 and 64 days of age","Play increased from 18-28 days of age, peaked between 32 and 40 days of age, and gradually declined thereafter",https://doi.org/10.1002/dev.420140405,,Brain,Campos-Iorii 2023,
Rat,crawling  End,40.0,"Petrosini  et al., 1990",,fig 4,https://doi.org/10.1007/BF00228789,,Brain,Campos-Iorii 2023,
Human,Preplate formation,39.0,"Bystron, 2005",Carnegie stage 16 considered as 39 gestational days,"""At CS 16, a thin layer of early post mitotic cells has occupied the cell-sparse layer beneath the pial surfacet to form the preplate (PP)""",https://doi.org/10.1523/JNEUROSCI.4770-04.2005,,Brain,Campos-Iorii 2023,
Rat,density of synapses stop to increase in the visual cortex,38.0,Mary E. Blue 1983,,"The density of type I synapses increased continuously during the first three weeks and achieved a mean value close to that of adult animals by day 20. In contrast, the density of type II synapses did not increase significantly until day 6, increased dramatically in the second and third postnatal weeks, and then declined markedly between days 20 and 90. The observed decrease in the density of type II synaptic contacts is a clear example of synapse elimination in the visual cortex.",https://doi.org/10.1007/BF01181531,,Brain,Campos-Iorii 2023,
Rat,Adult-like Locomotor function,37.0,"Westerga and Gramsbergen, 1990",Transformation involved changes in quantitative parameters of locomotion as well as a change in the movement pattern of the hindlimb.,"""Locomotion remained clumsy and invariably slow during the next few days, but a rapid transformation into the mature pattern of locomotion occurred around postnatal day 15""",https://doi.org/10.1016/0165-3806(90)90042-w,,Brain,Campos-Iorii 2023,
Rat,Eye opening,37.0,Tale L. Bjerknes 2014,,"""Pre-eye-opening data were obtained on P11 in one rat, P12 in three rats, P13 in six rats, P14 in eight rats, and P15 in one rat; post-eye-opening data were collected on P14 in one rat, P15 in eight rats, and P16 in eight rats. Individual rats were recorded for 2–6 days. """,https://doi.org/10.1016/j.cub.2014.11.009,,Brain,Campos-Iorii 2023,
Rat,NMDA receptor density peak in hippocampus,36.0,"McDonald et al., 1990",In hippocampus,fig 3-4,https://doi.org/10.1016/0014-4886(90)90035-q,,Brain,Campos-Iorii 2023,
Rat,major increase  in fear conditioning ,35.5,Stephanie Moriceau 2006,,"8-d-old rats learned to prefer an odor paired with a shock, with or without maternal presence, (b) When conditioned without maternal presence, 12- to 15-d-old pups subjected to paired odor-shock learned an odor aversion.",https://doi.org/10.1038%2Fnn1733,,Brain,Campos-Iorii 2023,
Human,Amygdala formation,35.0,"Müller & O'Rahilly, 2006",Stage 15 (c. 7–9 mm; c. 5 post-fertilizational weeks),"""The future amygdaloid region is discernible at stage 14 and the amygdaloid primordium at stage 15""",https://doi.org/10.1111/j.1469-7580.2006.00553.x,,Brain,Campos-Iorii 2023,
Human,Development of the VZ,35.0,"Rakic, 2003",,"""The cerebral wall at 5 g.w. embryo (Carnegie stages 14–15), the earliest stage examined here, consisted only of two developmental zones: the proliferative ventricular zone (VZ), and a cell sparse PPL layer above the VZ.""",https://doi.org/10.1093/cercor/13.10.1072,,Brain,Campos-Iorii 2023,
Human,Marginal zone formation,35.0,Meyer 2000,"Obs:"" we use the term “marginal zone” (MZ) for the first stages of human corticogenesis, when the only differentiated elements are Reln-immunoreactive (ir) neurons"". Use of the Carnegie stages as defined by O'Rahilly and Müller (1994), beginning with stage 16, corresponding to ∼5 GW","""Stages 16–18, early marginal zone. The first Reln-expressing cells were observed at stage 16 (5 GW) as a few neurons scattered below the pial surface in the lateral aspect of the cortical wall corresponding to the presumptive neocortex""",http://dx.doi.org/10.1523/JNEUROSCI.20-05-01858.2000,,Brain,Campos-Iorii 2023,
Rat,GAD65 expression reach adult levels,33.0,Anke Popp 2009,,fig 1,https://doi.org/10.1371%2Fjournal.pone.0004371,,Brain,Campos-Iorii 2023,
Rat,Increase of KCC2 expression in the cortex Start,33.0,"Dzhala et al., 2003",,Figure 1,https://doi.org/10.1038/nm1301,,Brain,Campos-Iorii 2023,
Rat,crawling peak,32.0,"Petrosini  et al., 1990",,fig 4,https://doi.org/10.1007/BF00228789,,Brain,Campos-Iorii 2023,
Rat,Peak of NKCC1 expression in the cortex,31.0,Dzhala 2005,Western blot analysis of rat cortical tissue,"""NKCC1 expression was significantly higher between postnatal day (P)3–P14 than at P21 and in adulthood, and peaked at approximately 14-fold higher levels than in the adult""",http://dx.doi.org/10.1038/nm1301,,Brain,Campos-Iorii 2023,
Rat,Apoptotic peak in the brain ,30.0,Sellinger 2021,,"""P8 appeared as a peak, defined as a significant difference between ages, in both sexes as post hoc tests showed a significantly higher pyknotic cell ratio on P8 compared to P6 """,https://dx.doi.org/10.1016%2Fj.ibneur.2021.03.002,,Brain,Campos-Iorii 2023,
Rat,Hearing start,30.0,Roman Makarov 2021,,"Here, using μECoG electrode arrays and intracortical silicon probe recordings, we found that bone-conducted (BC) sounds evoked biphasic responses in the auditory cortex starting from postnatal day (P) 8.",https://doi.org/10.1038/s41598-021-96188-9,,Body,Campos-Iorii 2023,
Rat,Optic tract - onset of myelination,29.5,"Downes & Mullins, 2013","Data consider only for onset of myelination, not well myelinated","Table 2 - ""Optic tracts"" (PND 7/8)",https://doi.org/10.1177/0192623313503518,,Body,Campos-Iorii 2023,
Rat,Increase of immature OLs in the cerebral white matter,29.0,"Craig et al., 2003",,"""At P7, the white matter of the rat and mouse contains mostly immature OLs that have begun to initiate myelination"" (Craig et al, 2003). Also from Figure 1B (Dean et al., 2011)",https://doi.org/10.1016/s0014-4886(03)00032-3,,Brain,Campos-Iorii 2023,
Human,Somite 30,28.0,O’Rahilly and Muller 2003,number of somites.,Fig. 7a,https://doi.org/10.1159/000068948,,Body,Campos-Iorii 2023,
Human,Telencephalon differentiates from the prosencephalon,28.0,FABIOLA MULLER AND RONAN O’RAHILLY 1989,, Failure of  bilatera1 division of  the telencephalon would occur at or before 4 weeks (stages 13 and 14).,https://doi.org/10.1002/aja.1001850404,,Brain,Campos-Iorii 2023,
Human,Posterior neuropore closed,28.0,"O'Rahilly and Müller, 1987","also called ""caudal neuropore"". 30/31 somites are reached at stage 13 (28 days)","Thus, in No. 7852 the neuropore is opposite the site of future somites 30 and 31 (Fig. 7A), and in No. 6097 it is opposite future somite 31 (Fig. 7B). In a 29-somite embryo (No. 1062), the site of the closed neuropore is opposite future somite 31 (Fig. 7C). Hence the level of final closure appears to be somites 30/31. 
",https://doi.org/10.1007/BF00310083,,Body,Campos-Iorii 2023,
Rat,crawling  Start,28.0,"Petrosini  et al., 1990",,fig 4,https://doi.org/10.1007/BF00228789,,Brain,Campos-Iorii 2023,
Human,Neural tube formation End,27.0,"Nievelstein et al., 1993","""Due to the bad cellular condition of the human embryos available concerning this developmental process, it was not possible to determine the exact level of caudal neuropore closure.. (...) The microscopical observations of the caudal neural tube in human embryos indicate, however, that caudal neuropore closure in human embryos occurs at about the level of the 32nd somite""","""Closure of the caudal neuropore (Carnegie stage 12; day 27, 3-5 mm C-RL)""",https://doi.org/10.1002/tera.1420480106,,Body,Campos-Iorii 2023,
Rat,GABAergic neuronal density peak in cortex,27.0,"Micheva and Beaulieu, 1995",The study was carried out in 46 Long-Evans rats (Charles River) of both sexes.,(Fig. 4) Note the much higher packing density of GABA-immunoreactive cells at P5 compared to PI5 and P60. Already at PI5 their distribution and packing density closely resemble the adult pattern.,https://doi.org/10.1111/j.1460-9568.1995.tb00338.x,,Brain,Campos-Iorii 2023,
Rat,RBM3 expression peak in cortex,27.0,"Pilotte et al., 2009","The highest levels were observed in olfactory bulb, cortex, hippocampus, superior and
inferior colliculi, cerebellum, and in areas such as the subventricular zone and the rostral migratory stream that contain proliferating and migrating cells","A modest increase in levels
of RBM3 in hippocampus and cortex was seen between P3 and
P7 after an apparent decrease at P1",https://doi.org/10.1016/j.brainres.2008.12.050,,Brain,Campos-Iorii 2023,
Human,Somite 23,26.67,O’Rahilly and Muller 2003,number of somites.,Fig. 7a,https://doi.org/10.1159/000068948,,Body,Campos-Iorii 2023,
Human,Somite 21,26.0,O’Rahilly and Muller 2003,number of somites.,Fig. 7a,https://doi.org/10.1159/000068948,,Body,Campos-Iorii 2023,
Human,Optical vesicle is prominent,26.0,"O'Rahilly and Müller, 1987",Twenty-four embryos of stage 12 (26 days) were studied in detail and graphic reconstructions of five of them were prepared. ,"The optic vesicle is prominent in all embryos of stage 12 (...)  The optic primordium is entirely evaginated
and forms the optic vesicle",https://doi.org/10.1007/BF00310083,,Body,Campos-Iorii 2023,
Rat,Myelination during development Start,26.0,Downes & Mullins (2013);  Rozeik & Von Keyserlingk (1987),Depending on the brain structures,"""Day 4: Although the majority of the brain is myelin-free, there was some early myelin development in the gigantocellular reticular nucleus and in the oral part of the pontine reticular nucleus"" (Downes & Mullins). / ""By the 4th postnatal day myelination had commenced in many sensory tracts and in the trigeminal  root, in the tectospinal tract, in the inferior cerebellar peduncle and in the roots of most cranial motor nerves"" (Rozeik & Von Keyserlingk).",https://doi.org/10.1177/0192623313503518,,Body,Campos-Iorii 2023,
Rat,Development of sleep cycles,25.5,"Karlsson et al., 2004",,""" We have shown here in infant rats that sleep–wake cycles,as determined by alternations in nuchal muscle tone, begin to consolidate in the first postnatal week""",https://doi.org/10.1016/j.neuroscience.2003.09.025,,Brain,Campos-Iorii 2023,
Human,Anterior neuropore closed,25.0,"O'Rahilly and Müller, 1986a","also called ""rostral"" neuropore",The rostral neuropore closes towards the end of stage 11.,https://doi.org/10.1007/BF00389597,,Body,Campos-Iorii 2023,
Human,Somite 15,24.67,O’Rahilly and Muller 2003,number of somites.,Fig. 7a,https://doi.org/10.1159/000068948,,Body,Campos-Iorii 2023,
Human,Somite 13,24.0,O’Rahilly and Muller 2003,number of somites.,Fig. 7a,https://doi.org/10.1159/000068948,,Body,Campos-Iorii 2023,
Human,Anterior neuropore closed,24.0,"Müller & O’Rahilly, 1986",Müller & O'Rahilly consider Stage 11 as 24 days in his work,"""The rostral neuropore closes towards the end of stage 11""",https://doi.org/10.1007/bf00389597,,Body,Campos-Iorii 2023,
Human,Somite 10,23.5,O’Rahilly and Muller 2003,number of somites.,Fig. 7a,https://doi.org/10.1159/000068948,,Body,Campos-Iorii 2023,
Human,Somite 8,23.0,O’Rahilly and Muller 2003,number of somites.,Fig. 7a,https://doi.org/10.1159/000068948,,Body,Campos-Iorii 2023,
Human,Somite 5,22.3,O’Rahilly and Muller 2003,number of somites.,Fig. 7a,https://doi.org/10.1159/000068948,,Body,Campos-Iorii 2023,
Human,Elevation of the neural folds,22.0,"O'Rahilly and Müller, 1985",Thirteen embryos of stage 10 (22 days) were studied in detail and graphic reconstructions of most of them were prepared.,The rostral part of the neural plate is relatively flat at first but the neural folds soon become elevated,https://doi.org/10.1007/BF00319598,,Body,Campos-Iorii 2023,
Human,Neural folds fusing,22.0,"O’Rahilly & Gardner, 1979",,"""A review of drawings and descriptions of 46 published embryos of stage 10 (22 days) to stage 12 (26 days) reveal (fig. 3; table II) that usually (1) the neural folds begin to fuse in embryos of 6-8 pair of somites (…)""",https://doi.org/10.1159/000145061,,Body,Campos-Iorii 2023,
Rat,Lactation Start,22.0,"König & Markl, 1987",All maternal activities were both qualitatively and quantitatively analyzed over a period of 28 days after birth of a litter,"""During days 1–16 the offspring fully depend on the mother for nutrition""",https://doi.org/10.1007/BF00292161,,Brain,Campos-Iorii 2023,
Human,Somite 2,21.0,O’Rahilly and Muller 2003,number of somites.,Fig. 7a,https://doi.org/10.1159/000068948,,Body,Campos-Iorii 2023,
Human,yolk sac blood islands ,21.0,M Tavian 2001,,matopoietic cells arising in the third week yolk sac,https://doi.org/10.1016/s1074-7613(01)00193-5,,Body,Campos-Iorii 2023,
Rat,Primary fissure of the cerebellum formation,21.0,Conradi 1987,,"The primary fissure can be identificed on E2 1
(Fig. Ic) and deepens between E21 and 22",https://doi.org/10.1111/j.1699-0463.1987.tb00030_95a.x,,Brain,Campos-Iorii 2023,
Human,Somite 1,20.0,O’Rahilly and Muller 2003,number of somites.,Fig. 7a,https://doi.org/10.1159/000068948,,Body,Campos-Iorii 2023,
Human,Delimited fourth rhombomere,20.0,"O'Rahilly and Müller, 1983",Five embryos of stage 9 (20 days) were studied in detail and graphic reconstructions were prepared. The fourth rhombomere is also called D,"The rhombencephalon can be subdivided into 4 regions: (1)caudal to the midbrain and rostral to the otic plates, (2) opposite the otic plates, (3) caudal to the otic plates and rostral to the somites, and (4) opposite and also slightly caudal to the somites. The first 3 subdivisions are generally known in human embryology as rhombomeres A, B, and C (Bartelmez 1923) and the fourth part will be termed D",https://doi.org/10.1007/BF00304278,,Body,Campos-Iorii 2023,
Human,Pericardial cavity present ,20.0,"O'Rahilly and Müller, 1983",,"Five embryos of stage 9 (20 days) were studied in detail and
graphic reconstructions were prepared. This is the first report based
on more than one specimen of this rarely seen stage. Detailed measure-
ments of the embryos are provided. The characteristic features of this
stage are 1 to 3 pairs of somites, the head fold and foregut, the otic
discs, and the pericardial cavity",https://doi.org/10.1007/BF00304278,,Body,Campos-Iorii 2023,
Rat,Olfactory bulb formation End,20.0,"López-Mascaraque et al., 1996",Use of fluorescent carbocyanine tracer DiI,"""The pattern of fibres originating in the olfactory bulb at E20 almost corresponds to the adult pattern.""",https://doi.org/10.1016/0306-4522(95)00360-U,,Brain,Campos-Iorii 2023,
Human,Gastrulation End,19.0,"Tyser et al., 2021",,"""Here, we characterize in a spatially resolved manner the single cell transcriptional profile of an entire gastrulating human embryo approximately 16 to 19 days after fertilization.""",https://doi.org/10.1038/s41586-021-04158-y,,Body,Campos-Iorii 2023,
Human,Neural tube formation Start,19.0,Bernadette S. de Bakker 2016,,fig 6 (cs 8-9),https://doi.org/10.1126/science.aag0053,,Body,Campos-Iorii 2023,
Human,Rhomboencephalon closes,18.0,"O'Rahilly and Müller, 1981","Eleven embryos of stage 8 (18 days), including a set of twins, were studied in detail and graphic reconstructions were prepared.",Formation of the neural tube has begun at the level of rhombencephalon D and the cervical part of the spinal cord.,https://doi.org/10.1007/BF00315766,,Brain,Campos-Iorii 2023,
Rat,Switch to adult hemoglobin End,18.0,"Iwahara et al., 1996",Estimated from the elution profiles on reverse-phase HPLC of hemolysates from fetuses on days 12 to 18 of gestation.,Almost complete at E18,https://doi.org/10.1093/oxfordjournals.jbchem.a021248,,Body,Campos-Iorii 2023,
Rat,Thyroid hormone (TH) secretion onset,18.0,"Escobar et al., 1985","The sharp increase in fetal T4 concentrations observed at 18 days of gestation is likely to reflect the onset of fetal thyroid secretion (Nataf B, Sfez M 1961 Debut du fonctionnement de la thyroide foetale du rat. C R Soc Biol (Paris) 156:1235)","""A significant and marked increase of the concentration of T4 became apparent in 18-day-old embryos (190 ± 38 pg/g)""",https://doi.org/10.1210/endo-117-5-1890,,Body,Campos-Iorii 2023,
Rat,presence of microglial cells in cortex,17.0,"Christopher L. Cunningham, 2013",,"at E13 very few Iba1_x0003_ microglia (green) are present in thetelencephalic wall. B, At E17 Iba1_x0003_ cells (green) are distributed sparsely throughout the neocortex. ",https://doi.org/10.1523/JNEUROSCI.3441-12.2013,,Brain,Campos-Iorii 2023,
Rat,Beginning of gliogenesis,17.0,"Das, 1979",With the aid of [3H]thymidine autoradiography gliogenesiswas studied in the brain of the rat during embryonic development,"""Intensely labelled glia cells could be clearly identified in the animals injected with radiochemical on day 17 of gestation (Fig. 3, 17d)""",https://doi.org/10.1016/0022-510X(79)90115-1,,Body,Campos-Iorii 2023,
Rat,The primordium hippocampi develops,16.5,F. Rozenberg 1989,,"The primordium hippocampi develops from the
dorsomedial wall of the telencephalon at E16-E17.",https://doi.org/10.1016/0165-3806(89)90193-4,,Brain,Campos-Iorii 2023,
Human,Gastrulation Start,16.0,"Tyser et al., 2021",,"""Here, we characterize in a spatially resolved manner the single cell transcriptional profile of an entire gastrulating human embryo approximately 16 to 19 days after fertilization.""",https://doi.org/10.1038/s41586-021-04158-y,,Body,Campos-Iorii 2023,
Human,Neural plate formed,16.0,"O’Rahilly & Gardner, 1979",,"""The general area of the neural plate can be discerned in the early embryonic disc, e.g., at 16 days (stage 7)""",https://doi.org/10.1159/000145061,,Brain,Campos-Iorii 2023,
Rat,Appearance of SVZ,16.0,"Pencea & Luskin, 2003",Secondary proliferative zone and key structure for telencephalic development,"""By E16, cells with a neuronal phenotype coalesce into a patch (dark green) adjacent to the LGE. At this age, the SVZ (light green) overlies the VZ of the developing cerebral cortex""",https://doi.org/10.1002/cne.10746,,Brain,Campos-Iorii 2023,
Rat,Start of synaptogenesis in cortex,16.0,"König et al., 1975",In temporal cortex/lobe,""" First synapses were found at a surprisingly early stage of cortical development: on day 16.""",https://doi.org/10.1007/bf00315564,,Brain,Campos-Iorii 2023,
Rat,Type 1 astrocytes appear in the optic nerve,16.0,Miller et al. 1985,"Optic nerves from E15, E16, E20, PO (the day of birth, usually on E21), P2, P7, and PlO rats were dissected from just behind the eye to the chiasm",Table I,https://doi.org/10.1016/0012-1606(85)90432-4,,Body,Campos-Iorii 2023,
Rat,Switch to adult hemoglobin Start,15.0,Congote and Mulay 1984,,"Our observations confirmed the experiments of Stein et a1 (lo), who showed a switch from embryonic to adult hemoglobins in peripheral blood between days 14 and 16 of gestation.",https://doi.org/10.3109/03630268408991720,,Body,Campos-Iorii 2023,
Rat,Development of the cortical plate,15.0,"Valverde et al., 1995",,"""During corticogenesis the CP can be first detected at El5 (E0 is the day of insemination)""",https://doi.org/10.1093/cercor/5.6.483,,Brain,Campos-Iorii 2023,
Rat,Olfactory bulb formation Start,15.0,"López-Mascaraque et al., 1996",Use of fluorescent carbocyanine tracer DiI,"""At E15, emerging olfactory bulbs can be seen in the brain (Fig. 4A, C and E)""",https://doi.org/10.1016/0306-4522(95)00360-U,,Brain,Campos-Iorii 2023,
Rat,Thalamus formation,15.0,Altman 1988,,"The neurons of
the lateral dorsal nucleus are generated over a 3-day period between days
E14-El6 and their settling pattern displays a combined lateral-to-medial
and dorsal-to-ventral neurogenetic gradient.",https://doi.org/10.1002/cne.902750305,,Brain,Campos-Iorii 2023,
Rat,Intermediate zone formation,15.0,"Alicelebić & Grbesa, 2004",,"""During E15 a new cytoarchitectonic layer, the intermediate zone (“mantle layer”), appears on the border-line between ventricular and marginal zone""",https://doi.org/10.17305/bjbms.2004.3375,,Body,Campos-Iorii 2023,
Rat,first cortical GABAergic neurons,14.0,"Cobas et al., 1991","Wistar albino rats (INTERFAUNA, Barcelona), aged from embryonic day (E)14 to postnatal day (P)2, were used for immunocytochemistry.",GABA-positive cell bodies and processes were detected for the first time at El4,https://doi.org/10.1016/0306-4522(91)90127-A,,Brain,Campos-Iorii 2023,
Rat,Prospective stage of submandibular salivary gland development,14.0,"Quirós-Terrón et al., 2019",,"""The primordium of the submandibular salivary gland parenchyma is observed in rats on E14 in the medial paralingual groove with mesenchymal cells, underlying the lingual nerve""",https://doi.org/10.1111/joa.12955,,Body,Campos-Iorii 2023,
Rat,Thymic primordia,13.0,A. VICENTE 1996,,The thymic primordium of 13-day-old embryos con- sisted of two separated homogeneous cellular masses of epithelial cells which had already lost contact with the pharyngeal epithelium and contained few blastic cells (Fig. 1),https://doi.org/10.1002/(sici)1097-0185(199604)244:4%3C506::aid-ar9%3E3.0.co;2-s,,Body,Campos-Iorii 2023,
Rat,Marginal zone formation,13.0,"Alicelebić & Grbesa, 2004",,""" At E13, a new cytoarchitectonic layer appears through intensive cells proliferation in the ventricular zone, a marginal zone""",https://doi.org/10.17305/bjbms.2004.3375,,Brain,Campos-Iorii 2023,
Rat,Subpial granular layer starts emerging,13.0,"Meyer et al., 1998",,"he second class is formed by subpial granule neurons, which form the subpial granular layer (SGL), previously considered to be found exclusively in the human cortex. SGL neurons are smaller than pioneer neurons. They are generated in a transient compartment of the retrobulbar ventricle between E12 and E14, ",https://doi.org/10.1002/(SICI)1096-9861(19980810)397:4%3C493::AID-CNE4%3E3.0.CO;2-X,,Brain,Campos-Iorii 2023,
Rat,Somite 30,12.125,Christie 1964,number of somites.,Table 1,https://doi.org/10.1002/jmor.1051140207,,Body,Campos-Iorii 2023,
Rat,Amygdala formation,12.0,"Manolova & Manolov, 1991","Since we're looking for the beginning of the amygdala formation, we'll consider the first stage. It has sto be taken into account that E12 was the earliest age studied in this paper","""The results from the present study showed that embryonic development of the structures that comprise the amygdaloid complex could be divided into three stages: stage one lasts from ED12 until ED14; stage two lasts from ED15 until ED18 to 19; and stage three lasts from ED19 until ED22""",https://doi.org/10.1007/978-1-4684-8047-4_3,,Brain,Campos-Iorii 2023,
Rat,Development of the VZ,12.0,"Alicelebić & Grbesa, 2004",,"""At E12 the cranial end of neural tube is closed. The neuroepithelial wall is a uniform cytoarchitectonic layer, a ventricular zone, in which columnar cells extend from ventricular to mesenchymal surface""",https://doi.org/10.17305/bjbms.2004.3375,,Brain,Campos-Iorii 2023,
Rat,Preplate formation,12.0,"Valverde et al., 1995",,"Figure 3A, ""At the surface, the preplate is recognizable as a cell-sparse zone containing the peripheral cytoplasjnic processes of ventricular cells and horizontal cells""",https://doi.org/10.1093/cercor/5.6.483,,Brain,Campos-Iorii 2023,
Rat,Telencephalon differentiates from the prosencephalon,12.0,"Alicelebić et al., 2004",,"""E12: neural tube is completely closed in its cranial part. Rostral part of forebrain shows telencephalons vesicles origins as slightly paired enlargements of neuroepithelial wall""",https://doi.org/10.17305%2Fbjbms.2004.3467,,Brain,Campos-Iorii 2023,
Rat,Neural tube formation End,12.0,"Alicelebić & Grbesa, 2004",,"""At E12 the cranial end of neural tube is closed""
",https://doi.org/10.17305/bjbms.2004.3375,,Body,Campos-Iorii 2023,
Rat,Posterior neuropore closed,11.75,Christie 1964,,Table 1,https://doi.org/10.1002/jmor.1051140207,,Body,Campos-Iorii 2023,
Rat,Somite 23,11.5,Christie 1964,number of somites.,Table 1,https://doi.org/10.1002/jmor.1051140207,,Body,Campos-Iorii 2023,
Rat,Somite 21,11.375,Christie 1964,number of somites.,Table 1,https://doi.org/10.1002/jmor.1051140207,,Body,Campos-Iorii 2023,
Rat,Rhomboencephalon closes,11.125,Christie 1964,,Table 1,https://doi.org/10.1002/jmor.1051140207,,Brain,Campos-Iorii 2023,
Rat,Anterior neuropore closed,11.125,Christie 1964,,Table 1,https://doi.org/10.1002/jmor.1051140207,,Body,Campos-Iorii 2023,
Rat,Somite 15,10.75,Christie 1964,number of somites.,Table 1,https://doi.org/10.1002/jmor.1051140207,,Body,Campos-Iorii 2023,
Rat,Optical vesicle is prominent,10.75,"Butcher, 1929","Embryo with 15 somites. ED 10.75 (G. A. Christie, 1964)",Fig. 8,https://doi.org/10.1002/aja.1000440303,,Body,Campos-Iorii 2023,
Rat,Somite 13,10.6875,Christie 1964,number of somites.,Table 1,https://doi.org/10.1002/jmor.1051140207,,Body,Campos-Iorii 2023,
Rat,Anterior neuropore closed,10.6,"Hoving et al., 1990","A middlepoint of 18 somites was selected as the data point; in Table 1, 18 somites = 10.6 GD","""In 17- to 19-somite rat embryos the rostral neuropore had closed """,https://doi.org/10.1007/bf00178910,,Body,Campos-Iorii 2023,
Rat,Neural folds fusing,10.55,"Alonso et al., 2008",,"""From Figure 1. Rat embryos of 10.2–10.9 days of development showing neural fold fusion in the rostral portion of the cephalic extremity.""",https://doi.org/10.1159/000162258,,Body,Campos-Iorii 2023,
Rat,Somite 10,10.5,Christie 1964,number of somites.,Table 1,https://doi.org/10.1002/jmor.1051140207,,Body,Campos-Iorii 2023,
Rat,Somite 8,10.25,Christie 1964,number of somites.,Table 1,https://doi.org/10.1002/jmor.1051140207,,Body,Campos-Iorii 2023,
Rat,Somite 5,9.875,Christie 1964,number of somites.,Table 1,https://doi.org/10.1002/jmor.1051140207,,Body,Campos-Iorii 2023,
Rat,Delimited fourth rhombomere,9.875,Christie 1964,,Table 1,https://doi.org/10.1002/jmor.1051140207,,Body,Campos-Iorii 2023,
Rat,Somite 2,9.625,Christie 1964,number of somites.,Table 1,https://doi.org/10.1002/jmor.1051140207,,Body,Campos-Iorii 2023,
Rat,Elevation of the neural folds,9.625,Christie 1964,,Table 1,https://doi.org/10.1002/jmor.1051140207,,Body,Campos-Iorii 2023,
Rat,Pericardial cavity present ,9.625,"Butcher, 1929","In an embryo with 2 somites. ED 9.5-9.75 (G. A. Christie, 1964)","Lying immediately cephalic to and circumscribing the head fold is the cardiac plate, in in which the pericardial cavity has appeared.",https://doi.org/10.1002/aja.1000440303,,Body,Campos-Iorii 2023,
Rat,Somite 1,9.5,Christie 1964,number of somites.,Table 1,https://doi.org/10.1002/jmor.1051140207,,Body,Campos-Iorii 2023,
Rat,Gastrulation End,9.3,MICHAEL L. CUNNINGHAM 1994,,"This period of development can be divided into three morpho-
logically distinct stages by microscopic examination
(late streak [LS], foregut pocket [FP], and early somite
[ESI; embryonic days 9.0, 9.3, and 10.0, respectively)",https://doi.org/10.1002/aja.1002000305,,Body,Campos-Iorii 2023,
Rat,Neural plate formed,9.0,WeilanYe 1998,,"To this end, neural plate from 6 somite stage (E9) rat embryos was transected",https://doi.org/10.1016/S0092-8674(00)81437-3,,Brain,Campos-Iorii 2023,
Rat,Neural tube formation Start,9.0,"G M Morriss, 1978",,"Rat embryos with two to four pairs of somites (day 9 of gestation) were examined by scanning electron microscopy and Alcian blue staining. The neural folds, which represent only future brain region at this stage,",https://doi.org/10.1242/dev.46.1.37,,Body,Campos-Iorii 2023,
Rat,yolk sac blood islands ,9.0,K Takahashi  1993,,Immunohistochemical and immunoelectron microscopic investigation using anti-rat macrophage monoclonal antibody (mAb) RM-1 demonstrated the first emergence of immature macrophages within blood islands of fetal rat yolk sacs at fetal day 9.,https://doi.org/10.1016/0040-8166(93)90077-x,,Body,Campos-Iorii 2023,
Rat,Gastrulation Start,7.0,F. WIANNY 1998,,"Cyclin D1 RNA is undetectable in the entire concep-
tus in the 6-day egg cylinder (Fig. 1A) and it is first
detected in the epiblast at 6.5 d.p.c. (Fig. 1B, C). As
gastrulation proceeds, expression increases in the epi-
blast and in the mesoderm emerging from the primitive
streak (Fig. 1D, E). At 7.0 d.p.c., cyclin D1 expression is
also detected in the amniotic fold and in the head
process at the distal tip of the embryo (Fig. 1F)",https://doi.org/10.1002/(SICI)1097-0177(199805)212:1%3C49::AID-AJA5%3E3.0.CO;2-2,,Body,Campos-Iorii 2023,
Human,Eye opening,182.0,"Ashwell 1996; Dunlop et al.,1997",,,https://doi.org/10.1159/000113225,,Brain,Clancy 2001,
Human,ipsi/contra segregation in LGN y SC,175.0,"Robinson and Dreher, 1990",,Tables 1-5,https://doi.org/10.1159/000115306,,Brain,Clancy 2001,
Human,corpus callosum appears,87.5,Ashwell 1996,,Tables 1-3,https://doi.org/10.1159/000113225,,Brain,Clancy 2001,
Human,hippocampal commisure appears,77.0,Ashwell 1996,,Tables 1-3,https://doi.org/10.1159/000113225,,Brain,Clancy 2001,
Human,fornix appears,63.0,Ashwell 1996,,Tables 1-3,https://doi.org/10.1159/000113225,,Brain,Clancy 2001,
Human,internal capsule appears,63.0,Ashwell 1996,,Tables 1-3,https://doi.org/10.1159/000113225,,Brain,Clancy 2001,
Human,optic axons invade visual centers,60.0,"Dunlop et al.,1997",,,https://doi.org/10.1002/(SICI)1096-9861(19970721)384:1<26::AID-CNE2>3.0.CO;2-N,,Body,Clancy 2001,
Human,axons in optic stalk,51.0,"Dunlop et al.,1997",,,https://doi.org/10.1002/(SICI)1096-9861(19970721)384:1<26::AID-CNE2>3.0.CO;2-N,,Body,Clancy 2001,
Human,mammillo-thalamic tract appears,44.0,Ashwell 1996,,Tables 1-3,https://doi.org/10.1159/000113225,,Brain,Clancy 2001,
Human,stria medullaris thalami appears,44.0,Ashwell 1996,,Tables 1-3,https://doi.org/10.1159/000113225,,Brain,Clancy 2001,
Rat,Eye opening,36.0,"Ashwell 1996; Dunlop et al.,1997; Robinson and Dreher, 1990",,,https://doi.org/10.1159/000113225,,Brain,Clancy 2001,
Human,medial forebrain bundle appears,33.0,Ashwell 1996,,Tables 1-3,https://doi.org/10.1159/000113225,,Brain,Clancy 2001,
Rat,ipsi/contra segregation in LGN y SC,28.5,"Robinson and Dreher, 1990",,Tables 1-5,https://doi.org/10.1159/000115306,,Brain,Clancy 2001,
Rat,corpus callosum appears,18.5,Ashwell 1996,,Tables 1-3,https://doi.org/10.1159/000113225,,Brain,Clancy 2001,
Rat,hippocampal commisure appears,17.0,Ashwell 1996,,Tables 1-3,https://doi.org/10.1159/000113225,,Brain,Clancy 2001,
Rat,optic axons invade visual centers,16.5,"Dunlop et al.,1997",,,https://doi.org/10.1002/(SICI)1096-9861(19970721)384:1<26::AID-CNE2>3.0.CO;2-N,,Body,Clancy 2001,
Rat,fornix appears,15.0,Ashwell 1996,,Tables 1-3,https://doi.org/10.1159/000113225,,Brain,Clancy 2001,
Rat,internal capsule appears,15.0,Ashwell 1996,,Tables 1-3,https://doi.org/10.1159/000113225,,Brain,Clancy 2001,
Rat,axons in optic stalk,14.5,"Dunlop et al.,1997",,,https://doi.org/10.1002/(SICI)1096-9861(19970721)384:1<26::AID-CNE2>3.0.CO;2-N,,Body,Clancy 2001,
Rat,mammillo-thalamic tract appears,14.0,Ashwell 1996,,Tables 1-3,https://doi.org/10.1159/000113225,,Brain,Clancy 2001,
Rat,stria medullaris thalami appears,14.0,Ashwell 1996,,Tables 1-3,https://doi.org/10.1159/000113225,,Brain,Clancy 2001,
Rat,medial forebrain bundle appears,13.0,Ashwell 1996,,Tables 1-3,https://doi.org/10.1159/000113225,,Brain,Clancy 2001,
Human,Carnegie stages equivalence (M),57.0,Godlewski 1997,,"""Human embryos, 57 days old, measured 27–31 mm CRL. Some external morphological characteristics were visible. The head was round with deflexion. The neck and trunk were well formed. The palatal closure was complete. The point scores were present... The liver was prominent, with a high density of hepatic cells organized in cords radiating from the hilum to the periphery.""",https://doi.org/10.1002/(SICI)1097-0029(19971115)39:4%3C314::AID-JEMT2%3E3.0.CO;2-H,,Body,Godlewski 1997,
Human,Carnegie stages equivalence (L),54.0,Godlewski 1997,,"""...those at stage 22 (aged 54 days) measured 23–28 mm CRL. ...The hepatic cells were densely distributed in the parenchyma. The hepatic duct was large, ascending at the ventral face of the TPS. Bile ductules were numerous and scattered in periportal mesoderm spreading around the vessel tips. The hepatic veins were clearly identifiable in the different areas of the liver. """,https://doi.org/10.1002/(SICI)1097-0029(19971115)39:4%3C314::AID-JEMT2%3E3.0.CO;2-H,,Body,Godlewski 1997,
Human,Carnegie stages equivalence (K),52.0,Godlewski 1997,,"""Human embryos at stage 21 (aged 52 days) measured 22–24 mm CRL... The three curves of the central nervous system were present. The colliculus superior was discernible. The cornea was well defined, and the anterior chamber of the eye was distinguishable. The pleuroperitoneal canals were closed.""",https://doi.org/10.1002/(SICI)1097-0029(19971115)39:4%3C314::AID-JEMT2%3E3.0.CO;2-H,,Body,Godlewski 1997,
Human,Carnegie stages equivalence (J),51.0,Godlewski 1997,,"""Human embryos, 51 days old, measured 18–22 mm CRL. The cranial structure had increased considerably, and the upper limbs were lengthened. The colliculus inferior was present, and the lens and the optic pedicle cavity had disappeared. Chondrification of distal phalanges could be observed. The liver was composed of compact hepatocytes separated by sinusoids filled with erythropoietic cells.""",https://doi.org/10.1002/(SICI)1097-0029(19971115)39:4%3C314::AID-JEMT2%3E3.0.CO;2-H,,Body,Godlewski 1997,
Human,Carnegie stages equivalence (I),48.0,Godlewski 1997,,"""Human embryos, aged 48 days, measured 16–18 mm CRL. The trunk was elongated, and the head was deflected with a prominent frontal zone.... In the liver, no distinctive changes were recorde.""",https://doi.org/10.1002/(SICI)1097-0029(19971115)39:4%3C314::AID-JEMT2%3E3.0.CO;2-H,,Body,Godlewski 1997,
Human,Carnegie stages equivalence (H),44.0,Godlewski 1997,,"""Human embryos, aged 44 days, measured 13–17 mm CRL. Eyelids were present. Pinna and limbs were larger than in the previous stage. The nasopharynx and the choanae were recognizable. The bucconasal membrane had ruptured.""",https://doi.org/10.1002/(SICI)1097-0029(19971115)39:4%3C314::AID-JEMT2%3E3.0.CO;2-H,,Body,Godlewski 1997,
Human,Carnegie stages equivalence (G),41.0,Godlewski 1997,,"""Human embryos were 41 days old and measured 11–14 mm CRL. The external shape of the face had emerged. The handplate presented definite digital rays. The surface elevation of individual somites were becoming limited mostly to the lombosacral region""",https://doi.org/10.1002/(SICI)1097-0029(19971115)39:4%3C314::AID-JEMT2%3E3.0.CO;2-H,,Body,Godlewski 1997,
Human,Carnegie stages equivalence (F),37.0,Godlewski 1997,,"""Human embryos, 37 days old, measured 8–11 mm CRL. Some external modifications were noted: the nasal pits were growing ventrally, the retinal pigment was externally visible, the different parts of lower limb were discernible, and the central carpal part of the hand became differentiated""",https://doi.org/10.1002/(SICI)1097-0029(19971115)39:4%3C314::AID-JEMT2%3E3.0.CO;2-H,,Body,Godlewski 1997,
Human,Carnegie stages equivalence (E),33.0,Godlewski 1997,,"""Human embryos, 33 days old, measured 7–9 mm CRL. There were two specific external differences with OFA-IOPS rat embryos; first, the pigmented layer of the retina was present; second, the large bud of the upper limb including the developing handplate was very distinctive. The hepatic lobes especially the caudate lobe could be identified.""",https://doi.org/10.1002/(SICI)1097-0029(19971115)39:4%3C314::AID-JEMT2%3E3.0.CO;2-H,,Body,Godlewski 1997,
Human,Carnegie stages equivalence (D),32.0,Godlewski 1997,,"""Human embryo, 32 days old, measured 5–7 mm CRL. The hepatic mass had nearly doubled as compared with the previous stage (Fig. 9a). The mesenchyme of the ST and the hepatic and perihepatic veins presented an evolution similar to that of rat.""",https://doi.org/10.1002/(SICI)1097-0029(19971115)39:4%3C314::AID-JEMT2%3E3.0.CO;2-H,,Body,Godlewski 1997,
Human,Carnegie stages equivalence (C),28.0,Godlewski 1997,,"""Human embryos, aged 28 days, measured 4–6 mm and possessed 30 or more pairs of somites. The external shape of the embryo was determined by the development of the central nervous system. The umbilical cord was well defined...""",https://doi.org/10.1002/(SICI)1097-0029(19971115)39:4%3C314::AID-JEMT2%3E3.0.CO;2-H,,Body,Godlewski 1997,
Human,Carnegie stages equivalence (B),26.0,Godlewski 1997,,"""Human embryos, 26 days old, measured 3–5 mm CRL and possessed 21–29 pairs of somites... The hepatic parenchymal cords extended from the HD, spread laterally into the ST, and surrounded the endothelium-lined spaces...""",https://doi.org/10.1002/(SICI)1097-0029(19971115)39:4%3C314::AID-JEMT2%3E3.0.CO;2-H,,Body,Godlewski 1997,
Human,Carnegie stages equivalence (A),24.0,Godlewski 1997,,"""Human embryos, 24 days old, measured 2.5–4.5 mm CRL and possessed 13–20 pairs of somites. The external morphological differences between human and rat embryos were minimal.""",https://doi.org/10.1002/(SICI)1097-0029(19971115)39:4%3C314::AID-JEMT2%3E3.0.CO;2-H,,Body,Godlewski 1997,
Rat,Carnegie stages equivalence (M),16.0,Godlewski 1997,,"""Rat embryos, 16 days old, measured
16 mm CRL. The degree of head flexure was large. The muzzle was well developed. Hair follicles appeared on every part of the skin. ...The hepatic gland was composed of irregular hepatic cords not yet radiating. The vascular sinusoids compressed between the cords were totally filled by blood cells.""",https://doi.org/10.1002/(SICI)1097-0029(19971115)39:4%3C314::AID-JEMT2%3E3.0.CO;2-H,,Body,Godlewski 1997,
Rat,Carnegie stages equivalence (L),15.5,Godlewski 1997,,"""...no distinctive changes were recorded.""",https://doi.org/10.1002/(SICI)1097-0029(19971115)39:4%3C314::AID-JEMT2%3E3.0.CO;2-H,,Body,Godlewski 1997,
Rat,Carnegie stages equivalence (K),15.25,Godlewski 1997,,"""...no distinctive changes were recorded.""",https://doi.org/10.1002/(SICI)1097-0029(19971115)39:4%3C314::AID-JEMT2%3E3.0.CO;2-H,,Body,Godlewski 1997,
Rat,Carnegie stages equivalence (J),15.0,Godlewski 1997,,"""Rat embryos, 15 days old, measured 12–13 mm CRL. In the four footplates, there were deep indentations between the developing toes. The muzzle was prominent, and the tail was evident. The liver was densely organized with highly compact parenchyma scattered wtih venous sinusoids.""",https://doi.org/10.1002/(SICI)1097-0029(19971115)39:4%3C314::AID-JEMT2%3E3.0.CO;2-H,,Body,Godlewski 1997,
Rat,Carnegie stages equivalence (I),14.0,Godlewski 1997,,"""Rat embryos were 14 days old and measured 11 mm. The upper and the lower limbs were parallel. The nose was apparent, and the eyelids were developing. The olfactory bulb was visible and signs of sexual differentiation were evident.""",https://doi.org/10.1002/(SICI)1097-0029(19971115)39:4%3C314::AID-JEMT2%3E3.0.CO;2-H,,Body,Godlewski 1997,
Rat,Carnegie stages equivalence (H),13.5,Godlewski 1997,,"""Rat embryos, aged 13 days 12 hours, measured 10 mm CRL, and rudiments of hair follicles could be observed. The footplate was just identifiable. The muzzle and tail were prominent. The lens vesicle had lost its lumen and was a solid sphere. Chondrification was present in the scapula and the superior part of the humerus.""",https://doi.org/10.1002/(SICI)1097-0029(19971115)39:4%3C314::AID-JEMT2%3E3.0.CO;2-H,,Body,Godlewski 1997,
Rat,Carnegie stages equivalence (G),13.0,Godlewski 1997,,"""Rat embryos, aged 13 days, measured 9 mm CRL. The most conspicuous changes were at the extremities. The handplate was no longer rounded because the angular contour of the future finger rays were discernible. The posterior plate was now well demarcated from the lower part of the leg""",https://doi.org/10.1002/(SICI)1097-0029(19971115)39:4%3C314::AID-JEMT2%3E3.0.CO;2-H,,Body,Godlewski 1997,
Rat,Carnegie stages equivalence (F),12.5,Godlewski 1997,,"""Rat embryos, aged 12 days 12 hours, 8-mm CRL, showed major modifications in their external form. The handplate was formed in the anterior limb bud. The nostrils were narrowed to small longitudinal slits. The tail was considerably longer than at stage 15""",https://doi.org/10.1002/(SICI)1097-0029(19971115)39:4%3C314::AID-JEMT2%3E3.0.CO;2-H,,Body,Godlewski 1997,
Rat,Carnegie stages equivalence (E),12.33,Godlewski 1997,,"""In Rat embryos (aged 12 days 8 hours, 7.5 mm CRL), no distinctive changes were recorded in comparison with stage 14 embryos. In the older embryos, the lens disk was completely closed. No important differences could be observed in the liver.""",https://doi.org/10.1002/(SICI)1097-0029(19971115)39:4%3C314::AID-JEMT2%3E3.0.CO;2-H,,Body,Godlewski 1997,
Rat,Carnegie stages equivalence (D),12.1666666667,Godlewski 1997,,"""Rat embryos, aged 12 days and 4 hours, measured 6–7 mm. The facial shape was well defined with ventral nasal pits. The invagination of the lens disk was not yet completely closed. The endolymphatic appendage was present, and the future cerebral hemispheres were formed. Thirty pairs of spinal nerves and cranial nerves were present""",https://doi.org/10.1002/(SICI)1097-0029(19971115)39:4%3C314::AID-JEMT2%3E3.0.CO;2-H,,Body,Godlewski 1997,
Rat,Carnegie stages equivalence (C),11.8333333333,Godlewski 1997,,"""Rat embryos, aged 11 days 20 hours, measured 5–6 mm and possessed 30 or more pairs of somites. All 4 limb buds were visible, and the otic vesicle was closed. The liver presented an active proliferation of epithelial trabeculae gaining ground in the septum transversum and enwrapping the hepatic vascular plexuses""",https://doi.org/10.1002/(SICI)1097-0029(19971115)39:4%3C314::AID-JEMT2%3E3.0.CO;2-H,,Body,Godlewski 1997,
Rat,Carnegie stages equivalence (B),11.4166666667,Godlewski 1997,,"""Rat embryos, aged 11 days 10 hours after fertilization, measured 3–4 mm and possessed 21–29 pairs of somites. The caudal neuropore was closing. Three pharyngeal arches were visible. The anterior limb buds were prominent.""",https://doi.org/10.1002/(SICI)1097-0029(19971115)39:4%3C314::AID-JEMT2%3E3.0.CO;2-H,,Body,Godlewski 1997,
Rat,Carnegie stages equivalence (A),10.0,Godlewski 1997,,"""Rat embryos, aged from day 10 hour 10 to day 10 hour 20 postcoitus, measured 2 mm in CRL and possessed 13–20 pairs of somites. The rostral neuropore was closing. Pharyngeal arches 1 and 2 were prominent.""",https://doi.org/10.1002/(SICI)1097-0029(19971115)39:4%3C314::AID-JEMT2%3E3.0.CO;2-H,,Body,Godlewski 1997,
Human,Radial glial processes disappear in the cerebral cortex,272.6,"deAzevedo et al., 2003",,,https://doi.org/10.1002/neu.10205,,Brain,Ohmura 2017,
Human,Calbindin immunoreactivity in the str.lucidum along the whole CA3 region including the CA3c,245.0,"Ábrahám et al., 2009",,,https://doi.org/10.1016/j.ijdevneu.2008.12.004,,Brain,Ohmura 2017,
Human,Switch from bursting to acuity in the light response,238.0,"Colonnese et al., 2010",,,https://doi.org/10.1016/j.neuron.2010.07.015,,Brain,Ohmura 2017,
Human,Young climbing phase in lateral hemisphere of cerebellum,238.0,"Marin-Padilla, 1985",,,https://doi.org/10.1002/cne.902350107,,Brain,Ohmura 2017,
Human,Calbindin immunoreactivity in the str.lucidum along the whole CA3 region except CA3c,217.0,"Ábrahám et al., 2009",,,https://doi.org/10.1016/j.ijdevneu.2008.12.004,,Brain,Ohmura 2017,
Human,Calbindin-positive multipolar neurons in the claustrum/amygdala,210.0,"Setzer and Ulfig, 1999",,,https://doi.org/10.1002/(sici)1097-0029(19990701)46:1%3C1::aid-jemt1%3E3.0.co;2-p,,Brain,Ohmura 2017,
Human,Optic tract - onset of myelination,210.0,"Magoon amd Robb, 1981, Takayama et al., 1991",,,doi:10.1001/archopht.1981.03930010655011,,Body,Ohmura 2017,
Human,Mediodorsal thalamus fibers form two intense bands in cortical layer VI,196.0,"Kostović and GoldmanRakic, 1983",,,https://doi.org/10.1002/cne.902190405,,Brain,Ohmura 2017,
Human,Eyelash growth,182.0,"Hamming, 1983",,,https://doi.org/10.1111/j.1525-1470.1983.tb01092.x,,Body,Ohmura 2017,
Human,Corticospinal neurons innervate cervical spinal motor neurons,182.0,"Eyre et al., 2000",,,https://doi.org/10.1093/brain/123.1.51,,Brain,Ohmura 2017,
Human,Galamin-positive cells in the mammillary nucleus,175.0,"Bhide and Puranik, 2005",,,https://doi.org/10.1016/j.jchemneu.2005.03.004,,Brain,Ohmura 2017,
Human,AChE-positive fibers penetrate the stratum oriens in the hippocampus,168.0,"Kostović, 1986",,,https://doi.org/10.1016/0306-4522(86)90077-1,,Brain,Ohmura 2017,
Human,Elimination of polyneuronal innervation of  muscle,161.0,"Hesselmans et al., 1993",,,https://doi.org/10.1002/ar.1092360315,,Body,Ohmura 2017,
Human,Reelin-positive cells below the cortical surface with ascending fibers,154.0,"Meyer et al., 2002",,,doi:10.1523/jneurosci.22-12-04973.2002,,Brain,Ohmura 2017,
Human,Axo-somatic synapses between the medial efferent and outer hair cells,154.0,"Lavigne-Rebillard and Pujol, 1988",,,https://doi.org/10.3109/00016488809119492,,Body,Ohmura 2017,
Human,CGRP-positive fibers prominent in the substantia gelatinosa,154.0,Marti et al. 1987,,,https://doi.org/10.1002/cne.902660304,,Body,Ohmura 2017,
Human,GAP-43 expression declines in the superior colliculus,147.0,"Qu et al., 2006",,,https://doi.org/10.1016/j.exer.2005.07.002,,Brain,Ohmura 2017,
Human,Open tunnel of Corti,140.0,"Lavigne-Rebillard and Pujol, 1988, Pujol et al., 1991",,,https://doi.org/10.3109/00016489109128023,,Body,Ohmura 2017,
Human,Glomeruli formation in the olfactory bulb,140.0,"Kharlamova et al., 2015",,,http://dx.doi.org/10.1134/S1062360415030054,,Brain,Ohmura 2017,
Human,The primary germinal matrix of the dentate gyrus disappears,140.0,"Cipriani et al., 2015",,,https://doi.org/10.1093/cercor/bhv223,,Brain,Ohmura 2017,
Human,Neuropeptide-Y staining in the arcuate nucleus,133.0,"Koutcherov et al., 2003",,,https://doi.org/10.1016/j.jchemneu.2003.07.002,,Brain,Ohmura 2017,
Human,Excitatory GABAergic response in cortical layer I,126.0,"Chen and Kriegstein, 2015",,,https://doi.org/10.1126/science.aac6472,,Brain,Ohmura 2017,
Human,Shh-reactive cells disappear in the external granule layer,126.0,"Haldipur et al., 2012",,,https://doi.org/10.1089/scd.2011.0206,,Brain,Ohmura 2017,
Human,First PV-positive Purkinje cells,126.0,"Milosevic and Zecevic, 1998",,,https://doi.org/10.1002/(SICI)1096-9861(19980713)396:4%3C442::AID-CNE3%3E3.0.CO;2-1,,Brain,Ohmura 2017,
Human,Substance P-positive fibers in the taste buds,126.0,"Witt and Reutter, 1998",,,https://doi.org/10.1007/s004180050228,,Body,Ohmura 2017,
Human,Er81 or Er81-positive layer band in lateral cortex a,112.0,"Bayatti et al., 2008",,,https://doi.org/10.1093/cercor/bhm184,,Brain,Ohmura 2017,
Human,Synapse formation between climbing fibers and Purkinje cells,112.0,"Zecevic and Rakic, 1976, Milosevic and Zecevic, 1998",,,https://doi.org/10.1002/(SICI)1096-9861(19990920)412:2<241::AID-CNE5>3.0.CO;2-X,,Brain,Ohmura 2017,
Human,CGRP-positive fibers innervate the heart,112.0,"Gordon et al., 1993",,,https://www.ncbi.nlm.nih.gov/pmc/articles/PMC1259861/,,Body,Ohmura 2017,
Human,Npn1-positive cingulate pioneer axons,105.0,"Ren et al., 2006",,,https://doi.org/10.1002/ar.a.20282,,Brain,Ohmura 2017,
Human,Melatonin binding site in the suprachiasmatic nuclei,105.0,"Thomas et al., 2002",,,https://doi.org/10.1034/j.1600-079X.2002.02921.x,,Brain,Ohmura 2017,
Human,CGRP-positive fibers penetrate the epidermis,105.0,Mapp 1993,,,https://doi.org/10.1016/0306-4522(93)90051-G,,Body,Ohmura 2017,
Human,Rod opsin expression in the retina,105.0,"O’Brein et al., 2003, Hendrickson et al., 2008",,,https://doi.org/10.1016/j.exer.2008.07.016,,Body,Ohmura 2017,
Human,Somatostatin-positive neurons first appear in the hypothalamus,98.0,"Chayvialle et al., 1980",,,https://doi.org/10.1530/acta.0.0940001,,Brain,Ohmura 2017,
Human,Synaptophysin in the outer plexiform layer,98.0,Nag and Wadhwa 2001,,,doi:10.1007/bf02703642,,Body,Ohmura 2017,
Human,The first efferent synapse forms below the inner hair cells,98.0,"Lavigne-Rebillard and Pujol, 1988",,,https://doi.org/10.3109/00016488809119492,,Body,Ohmura 2017,
Human,Presumptive low-threshold mechanoreceptor afferent penetrates the spinal gray matter,94.5,"Konstantinidou et al., 1995",,,https://doi.org/10.1002/cne.903540102,,Body,Ohmura 2017,
Human,Calbindin-positive cells first appear ,91.0,"Koutcherov et al., 2002",,,https://doi.org/10.1002/cne.10175,,Brain,Ohmura 2017,
Human,Tyrosine hydroxylase (TH)-positive fibers penetrate the cortical plate,91.0,"Zecevic and Verney, 1995",,,https://doi.org/10.1002/cne.903510404,,Brain,Ohmura 2017,
Human,Dendrodendritic contact in dLGN,91.0,"Wadhwa and Bijlani, 1988",,,https://doi.org/10.1016/0736-5748(88)90028-7,,Brain,Ohmura 2017,
Human,The first IP3R1-positive cells in the Purkinje cell layer,91.0,"Milosevic and Zecevic, 1998",,,https://doi.org/10.1002/(SICI)1096-9861(19980713)396:4%3C442::AID-CNE3%3E3.0.CO;2-1,,Brain,Ohmura 2017,
Human,Callosal fibers cross the midline,84.0,"Rakic and Yakovlev, 1968",,,https://doi.org/10.1002/cne.901320103,,Brain,Ohmura 2017,
Human,Calbindin-positive cells and processes in the anteroventral thalamus,84.0,"Kultas-Ilinsky et al., 2004",,,https://doi.org/10.1002/cne.20216,,Brain,Ohmura 2017,
Human,Calbindin-positive mammillothalamic tract fibers penetrate the ventral anterior thalamus,84.0,"Kultas-Ilinsky et al., 2004",,,https://doi.org/10.1002/cne.20216,,Brain,Ohmura 2017,
Human,Neurophysin-positive cells in the paraventricular hypothalamus,84.0,"Mai et al., 1997",,,https://doi.org/10.1002/(SICI)1096-9861(19970901)385:3%3C477::AID-CNE10%3E3.0.CO;2-H,,Brain,Ohmura 2017,
Human,PV-positive cells in the reticular thalamus,84.0,"Kultas-Ilinsky et al., 2004",,,https://doi.org/10.1002/cne.20216,,Brain,Ohmura 2017,
Human,Ossification of nasal skeleteon,81.0,Noback et al. 1951,,,https://doi.org/10.1002/aja.1000890102,,Body,Ohmura 2017,
Human,The secondary dentate matrix forms in the hippocampus,77.0,"Cipriani et al., 2015",,,https://doi.org/10.1093/cercor/bhv223,,Brain,Ohmura 2017,
Human,Calcitonin gene-related peptide (CGRP)-immunoreactivity in the DRG,77.0,"Pan et al., 2012, Suburo et al., 1992",,,https://doi.org/10.1007/s11302-011-9277-0,,Brain,Ohmura 2017,
Human,Catecholamine fibers innervate the habenula region,77.0,"Zecevic and Verney, 1995",,,https://doi.org/10.1002/cne.903510404,,Brain,Ohmura 2017,
Human,External Capsule AChE reactive,73.5,"Kostović, 1986",,,https://doi.org/10.1016/0306-4522(86)90077-1,,Brain,Ohmura 2017,
Human,Anterior commissure fibers cross the midline,70.0,"Rakic and Yakovlev, 1968",,,https://doi.org/10.1002/cne.901320103,,Brain,Ohmura 2017,
Human,Diffuse staining of Sonic hedgehog (Shh) in the inner region of the cerebellum,70.0,"Haldipur et al., 2012",,,https://doi.org/10.1089/scd.2011.0206,,Brain,Ohmura 2017,
Human,Synaptophysin in the inner plexiform layer,66.5,"Nag and Wadhwa, 2001",,,doi:10.1007/bf02703642,,Body,Ohmura 2017,
Human,5-HT-positive fibers innervate the spinal gray matter,63.0,"Sundström et al., 1993",,,https://doi.org/10.1016/0165-3806(93)90059-J,,Body,Ohmura 2017,
Human,PGP9.5 fibers penetrate the epidermis,63.0,"Terenghi et al., 1993",,,https://doi.org/10.1002/cne.903280410,,Body,Ohmura 2017,
Human,Parvalbumin-positive fibers reach the ventral horn of the cervical segment,59.5,"Clowry et al., 2005",,,https://doi.org/10.1111/j.1469-7580.2005.00468.x,,Body,Ohmura 2017,
Human,Isl1-ir in the lateral ganglionic eminence,56.0,"Onorati et al., 2014",,,10.1038/nn.3860,,Brain,Ohmura 2017,
Human,Thyrotropin-releasing hormone (TRH)-positive cells in the hypothalamus,56.0,"Winters et al., 1974",,,https://doi.org/10.1210/jcem-39-5-960,,Brain,Ohmura 2017,
Human,Nerve fibers penetrate the tongue epithelium,56.0,"Witt and Reutter, 1998",,,https://doi.org/10.1007/s004180050228,,Body,Ohmura 2017,
Human,Neuropeptide Y-positive fibers innervate the heart,56.0,"Gordon et al., 1993",,,https://www.ncbi.nlm.nih.gov/pmc/articles/PMC1259861/,,Body,Ohmura 2017,
Human,Ossification of supraoccipital,56.0,Noback et al. 1951,,,https://doi.org/10.1002/aja.1000890102,,Body,Ohmura 2017,
Human,Cortical plate formation,49.0,"Meyer et al., 2000, Bystron et al. 2006",,,DOI: 10.1038/nn1726,,Brain,Ohmura 2017,
Human,"DARPP32-positive cells detected in the pallium, but not in the striatum",49.0,"Naimi et al., 1996, Onorati et al., 2014",,,https://doi.org/10.1006/exnr.1996.0002,,Brain,Ohmura 2017,
Human,Innervation of  muscle,49.0,"Hesselmans et al., 1993",,,https://doi.org/10.1002/ar.1092360315,,Body,Ohmura 2017,
Human,Ossification of maxilla skeleton,49.0,Noback et al. 1951,,,https://doi.org/10.1002/aja.1000890102,,Body,Ohmura 2017,
Human,Calretinin-positive pioneer cells in the marginal zone,45.5,Meyer 1998,,,https://doi.org/10.1002/(SICI)1096-9861(19980720)397:1%3C29::AID-CNE3%3E3.0.CO;2-K,,Brain,Ohmura 2017,
Human,First GABAergic neurons in the lateral cortical wall,45.5,Meyer 1998,,,https://doi.org/10.1002/(SICI)1096-9861(19980720)397:1%3C29::AID-CNE3%3E3.0.CO;2-K,,Brain,Ohmura 2017,
Human,First oligodendrocyte lineage (PDGF-Rα expression) in spinal cord (ventral),45.0,"Hajihosseini et al., 1996",,"""At 45 dpc, MBP and PLP transcripts were detected in two symmetrical foci on either side of the ependymal canal in the ventral spinal cord only (Fig. 7A,B)...""",https://doi.org/10.1523/JNEUROSCI.16-24-07981.1996,,Body,Ohmura 2017,
Rat,Radial glial processes disappear in the cerebral cortex,42.0,"Stichel et al., 1991",,"""At Pd 20 blood vessels were readily recognized in all
cortical layers by the presence of multiple, closely
spaced, GFAP-positive processes that covered their
surface and formed the perivascular membrane (Fig.
3C). """,10.1007/BF01279614,,Brain,Ohmura 2017,
Rat,Eyelash growth,39.0,"Addison et al., 1921",,,https://doi.org/10.1002/aja.1000290103,,Body,Ohmura 2017,
Rat,Young climbing phase in lateral hemisphere of cerebellum,38.0,"Chedotal and Sotelo, 1992",,,https://doi.org/10.1111/j.1460-9568.1992.tb00142.x,,Brain,Ohmura 2017,
Rat,Elimination of polyneuronal innervation of  muscle,38.0,"O’Brein et al., 1978",,,PMID: 926005,,Body,Ohmura 2017,
Rat,Eye opening,36.0,"Colonnese et al., 2010",,,https://doi.org/10.1016/j.neuron.2010.07.015,,Brain,Ohmura 2017,
Rat,GAP-43 expression declines in the superior colliculus,36.0,"Mendonça et al., 2010",,,https://doi.org/10.1016/j.neulet.2010.04.027,,Brain,Ohmura 2017,
Human,First Reelin-positive cells in the marginal zone,35.0,Meyer 1998,,,https://doi.org/10.1002/(SICI)1096-9861(19980720)397:1%3C29::AID-CNE3%3E3.0.CO;2-K,,Brain,Ohmura 2017,
Human,First 5-HT-positive cells,35.0,"Sundström et al., 1993",,,https://doi.org/10.1016/0165-3806(93)90059-J,,Brain,Ohmura 2017,
Human,First appearance of noradrenergic cells,35.0,"Verney et al., 1991, Sundström et al., 1993",,,https://doi.org/10.1016/0304-3940(91)90351-S,,Brain,Ohmura 2017,
Human,TH-positive cells in the zona incerta (A13),35.0,"Pullelles and Verney, 1998",,,https://doi.org/10.1002/(SICI)1096-9861(19980511)394:3%3C283::AID-CNE2%3E3.0.CO;2-Y,,Brain,Ohmura 2017,
Rat,Calbindin immunoreactivity in the str.lucidum along the whole CA3 region including the CA3c,34.0,"Ábrahám et al., 2007",,,https://doi.org/10.1016/j.ijdevneu.2007.05.008,,Brain,Ohmura 2017,
Rat,Switch from bursting to acuity in the light response,34.0,"Colonnese et al., 2010",,"""Acuity period (>P12): Starting on P12, 2 days before eye
opening, light-evoked oscillations and slow-waves
were no longer observed. In their place we observed
a single negative visual evoked potential (VEP; mean
duration 29.9 ± 12.7 ms, n = 10 P12–19 rats) associated with MUA but little oscillatory activity (Figure 1E)""",https://doi.org/10.1016/j.neuron.2010.07.015,,Brain,Ohmura 2017,
Rat,Axo-somatic synapses between the medial efferent and outer hair cells,34.0,"Lenoir et al., 1980",,,https://link.springer.com/article/10.1007/BF00305106,,Body,Ohmura 2017,
Rat,Open tunnel of Corti,32.0,"Lenoir et al., 1987",,"""In young rats (2 to 14 days of age), the developing TM
is firmly attached to the organ of Corti. It was thus necessary to remove the TM from the specimens to expose the
surface of the organ of Corti. """,10.1007/BF00309683,,Body,Ohmura 2017,
Human,TH-positive cells in the midbrain,31.5,"Verney et al., 1991, Almqvist et al., 1996, Pullelles and Verney, 1998",,,,,Brain,Ohmura 2017,
Rat,Calbindin immunoreactivity in the str.lucidum along the whole CA3 region except CA3c,31.0,"Ábrahám et al., 2007",,"The first calbindin-immnunoreactive mossy fibers were seen at P9 in the stratum lucidum of CA3, and the entire projection path of mossy fibers expressed calbindin at P18.",https://doi.org/10.1016/j.ijdevneu.2007.05.008,,Brain,Ohmura 2017,
Rat,Calbindin-positive multipolar neurons in the claustrum/amygdala,29.0,"Kowiański et al., 2008, 2009",,"""After P28 multi- and bipolar types of neurons were most numerous (Fig. 1I)""",https://doi.org/10.1016/j.brainresbull.2008.04.004,,Brain,Ohmura 2017,
Rat,Corticospinal neurons innervate cervical spinal motor neurons,29.0,"Curfs et al., 1994, Maeda et al., 2016",,"""At P7, labelled CST axons covered almost the entire
contralateral gray matter (Fig. 1B) except the most
lateral parts of the superficial layers in the dorsal horn
(Fig. 2B)..............The densely labelled
section was confined to the intermediate zone as at P7,
it reached, however, less far into the lateral white
matter (especially in C8). """,https://doi.org/10.1016/0165-3806(94)90025-6,,Brain,Ohmura 2017,
Rat,Optic tract - onset of myelination,29.0,"Colello et al., 1995",,"""This gradient of myelination was maintained in P9 optic nerves (Fig. 3b) with nearly
fourfold more axons near the eye being myelinated than axons
near the chiasm. Again, the presence of “peaks and troughs” in
the number of myelinated axons was observed for all three P9
nerves. 
""",https://doi.org/10.1523/JNEUROSCI.15-11-07665.1995,,Body,Ohmura 2017,
Rat,Mediodorsal thalamus fibers form two intense bands in cortical layer VI,28.0,"Van Eden, 1986",,"""Because mediodorsal fibers penetrate the cortical plate at a relatively earlier
age than do the thalamocortical fibers in the visual and SI
cortex, which penetrate the cortical plate at the time when
layer N is formed, the mediodorsal nucleus might exert a
greater influence on the development of the cortical plate
in the prefrontal cortex.""",https://doi.org/10.1002/cne.902440307,,Brain,Ohmura 2017,
Rat,Dendrodendritic contact in dLGN,28.0,"Aggelopoulos et al., 1989",,,10.1007/bf00315883,,Brain,Ohmura 2017,
Rat,Synaptophysin in the outer plexiform layer,26.0,"Dhingra et al., 1997",,"""Synaptophysin immunoreactivity was observed from P2
onwards in the IPL and from P4 onwards in the OPL Fig. Ž
1 . The staining in the IPL was diffuse in the early .
developmental stages and increased in intensity during
development.""",https://doi.org/10.1016/S0165-3806(97)00085-0,,Body,Ohmura 2017,
Rat,AChE-positive fibers penetrate the stratum oriens in the hippocampus,25.0,"Milner et al., 1983",,,https://doi.org/10.1016/0165-3806(83)90017-2,,Brain,Ohmura 2017,
Rat,Galamin-positive cells in the mammillary nucleus,25.0,"Sizer et al., 1990, Ryan et al., 1997, Burazin et al., 2000",,,,,Brain,Ohmura 2017,
Rat,Reelin-positive cells below the cortical surface with ascending fibers,24.0,Meyer 2000,,,https://doi.org/10.1523/JNEUROSCI.20-05-01858.2000,,Brain,Ohmura 2017,
Rat,Shh-reactive cells disappear in the external granule layer,24.0,"Haldipur et al., 2012",,,https://doi.org/10.1089/scd.2011.0206,,Brain,Ohmura 2017,
Rat,Rod opsin expression in the retina,24.0,"Treisman et al., 1988",,,https://doi.org/10.1128/mcb.8.4.1570-1579.1988,,Body,Ohmura 2017,
Rat,Synaptophysin in the inner plexiform layer,24.0,"Dhingra et al., 1997",,,https://doi.org/10.1016/S0165-3806(97)00085-0,,Body,Ohmura 2017,
Rat,Excitatory GABAergic response in cortical layer I,22.0,"Dammerman et al., 2000",,,https://doi.org/10.1152/jn.2000.84.1.428,,Brain,Ohmura 2017,
Rat,Glomeruli formation in the olfactory bulb,22.0,"Treloar et al., 1999",,,https://doi.org/10.1002/(SICI)1096-9861(19991018)413:2%3C289::AID-CNE9%3E3.0.CO;2-U,,Brain,Ohmura 2017,
Rat,Calbindin-positive cells and processes in the anteroventral thalamus,22.0,"Frassoni et al., 1991",,,https://doi.org/10.1002/cne.903040311,,Brain,Ohmura 2017,
Rat,PV-positive cells in the reticular thalamus,22.0,"Mitrofanis, 1992",,,https://doi.org/10.1002/cne.903200203,,Brain,Ohmura 2017,
Rat,5-HT-positive fibers innervate the spinal gray matter,22.0,"Bregman, 1987",,,https://doi.org/10.1016/0165-3806(87)90213-6,,Body,Ohmura 2017,
Rat,The first efferent synapse forms below the inner hair cells,22.0,"Lenoir et al., 1980",,,https://link.springer.com/article/10.1007/BF00305106,,Body,Ohmura 2017,
Rat,The primary germinal matrix of the dentate gyrus disappears,21.0,Bayer 1990,,,https://doi.org/10.1016/0014-4886(90)90062-W,,Brain,Ohmura 2017,
Rat,CGRP-positive fibers prominent in the substantia gelatinosa,21.0,Marti et al. 1987,,,https://doi.org/10.1002/cne.902660304,,Body,Ohmura 2017,
Rat,Substance P-positive fibers in the taste buds,21.0,"Yamasaki and Tohyama, 1985",,,https://doi.org/10.1016/0165-3806(85)90274-3,,Body,Ohmura 2017,
Rat,Calbindin-positive mammillothalamic tract fibers penetrate the ventral anterior thalamus,20.0,"Puelles et al., 1992, Alppva et al. 2009",,,https://doi.org/10.1016/0306-4522(92)90013-r,,Brain,Ohmura 2017,
Rat,First PV-positive Purkinje cells,20.0,"Solbach and Celio, 1991",,,DOI: 10.1007/BF00942742,,Brain,Ohmura 2017,
Rat,Er81 or Er81-positive layer band in lateral cortex a,19.0,"Moroni et al., 2011",,,https://doi.org/10.1016/j.neuroscience.2010.11.061,,Brain,Ohmura 2017,
Rat,External Capsule AChE reactive,19.0,"De Carlos et al., 1995",,,10.1007/bf00231974,,Brain,Ohmura 2017,
Rat,Npn1-positive cingulate pioneer axons,19.0,"Huang et al., 2012",,,https://doi.org/10.1002/cne.23119,,Brain,Ohmura 2017,
Rat,Synapse formation between climbing fibers and Purkinje cells,19.0,"Lachamp et al., 2005",,,https://doi.org/10.1113/jphysiol.2005.084517,,Brain,Ohmura 2017,
Rat,CGRP-positive fibers innervate the heart,19.0,"Shoba and Tay, 2000",,"""...CGRP-positive nerve fibers appeared by 19 days of gestation. with the cardiac ganglia and nerve fibers showing a positive labeling from 19 days of gestation onwards...""",https://doi.org/10.1007/s004290050336,,Body,Ohmura 2017,
Rat,Ossification of supraoccipital,19.0,"Strong, 1925",,,https://doi.org/10.1002/aja.1000360206,,Body,Ohmura 2017,
Rat,Anterior commissure fibers cross the midline,18.0,"Silver et al., 1982, Santacana et al, 1992",,,https://doi.org/10.1002/cne.902100103,,Brain,Ohmura 2017,
Rat,Neuropeptide-Y staining in the arcuate nucleus,18.0,"Foster et al., 1984, Grove et al., 2003",,,https://doi.org/10.1016/0736-5748(84)90075-3,,Brain,Ohmura 2017,
Rat,CGRP-positive fibers penetrate the epidermis,18.0,"Marti et al., 1987",,,https://doi.org/10.1002/cne.902660304,,Body,Ohmura 2017,
Rat,Ossification of nasal skeleteon,18.0,"Strong, 1925",,,https://doi.org/10.1002/aja.1000360206,,Body,Ohmura 2017,
Rat,Diffuse staining of Sonic hedgehog (Shh) in the inner region of the cerebellum,17.3,"Haldipur et al., 2012",,,https://doi.org/10.1089/scd.2011.0206,,Brain,Ohmura 2017,
Rat,Callosal fibers cross the midline,17.0,"Koester and O’Leary, 1994",,,https://doi.org/10.1523/JNEUROSCI.14-11-06608.1994,,Brain,Ohmura 2017,
Rat,The secondary dentate matrix forms in the hippocampus,17.0,Altman 1990,,,https://doi.org/10.1002/cne.903010304,,Brain,Ohmura 2017,
Rat,Tyrosine hydroxylase (TH)-positive fibers penetrate the cortical plate,17.0,"Verney et al., 1984",,,https://doi.org/10.1016/0736-5748(84)90051-0,,Brain,Ohmura 2017,
Rat,Calcitonin gene-related peptide (CGRP)-immunoreactivity in the DRG,17.0,"Marti et al., 1987, Jackman and Fitzgerald, 2000",,,https://doi.org/10.1002/(SICI)1096-9861(20000313)418:3<281::AID-CNE4>3.0.CO;2-9,,Brain,Ohmura 2017,
Rat,Catecholamine fibers innervate the habenula region,17.0,"Specht et al., 1981b",,,https://doi.org/10.1002/cne.901990207,,Brain,Ohmura 2017,
Rat,Melatonin binding site in the suprachiasmatic nuclei,17.0,"Williams et al., 1991",,,https://doi.org/10.1210/endo-128-4-2083,,Brain,Ohmura 2017,
Rat,Neurophysin-positive cells in the paraventricular hypothalamus,17.0,"Khachaturian and Sladek, 1980",,,https://doi.org/10.1016/0196-9781(80)90103-5,,Brain,Ohmura 2017,
Rat,Innervation of  muscle,17.0,"Reynolds et al., 1991
",,,https://doi.org/10.1016/0306-4522(91)90210-F,,Body,Ohmura 2017,
Rat,Ossification of maxilla skeleton,17.0,"Strong, 1925",,,https://doi.org/10.1002/aja.1000360206,,Body,Ohmura 2017,
Rat,Cortical plate formation,16.0,"Weisenhorn et al., 1994, Raedler et al. 1980, VanEden et al. 1989",,,https://doi.org/10.1016/0165-3806(94)90171-6,,Brain,Ohmura 2017,
Rat,Nerve fibers penetrate the tongue epithelium,16.0,"Mbiene and Mistretta, 1997",,,https://doi.org/10.1159/000148006,,Body,Ohmura 2017,
Rat,Neuropeptide Y-positive fibers innervate the heart,16.0,"Shoba and Tay, 2000",,,https://doi.org/10.1007/s004290050336,,Body,Ohmura 2017,
Rat,"DARPP32-positive cells detected in the pallium, but not in the striatum",15.0,"Foster et al., 1987, Pauly et al., 2013",,,https://doi.org/10.1523/jneurosci.07-07-01994.1987,,Brain,Ohmura 2017,
Rat,Parvalbumin-positive fibers reach the ventral horn of the cervical segment,15.0,"Zhang et al., 1990",,"""...In the ventral horn, no PV-positive axons were observed but GAP43-
positive axons could be seen in two locations: crossing
the grey matter from the lateral funiculi towards the
central canal with GAP43-positive neurites clearly visible
entering the ventricular zone, and axons entering the
ventral floor plate region, apparently arising from a
more dorsal location (Fig. 1A,C)...""",https://doi.org/10.1002/cne.903020404,,Body,Ohmura 2017,
Rat,PGP9.5 fibers penetrate the epidermis,15.0,"Jackman and Fitzgerald, 2000",,,https://doi.org/10.1002/(SICI)1096-9861(20000313)418:3<281::AID-CNE4>3.0.CO;2-9,,Body,Ohmura 2017,
Rat,Presumptive low-threshold mechanoreceptor afferent penetrates the spinal gray matter,15.0,"Jackman and Fitzgerald, 2000",,,https://doi.org/10.1002/(SICI)1096-9861(20000313)418:3<281::AID-CNE4>3.0.CO;2-9,,Body,Ohmura 2017,
Rat,Calbindin-positive cells first appear ,14.0,"Enderlin et al., 1987",,"E14: Calbindin-positive neurons were observed in the out-
ermost lamina of the cerebral cortex, particularly in the
parietofrontal region.",https://doi.org/10.1007/BF00325286,,Brain,Ohmura 2017,
Rat,First GABAergic neurons in the lateral cortical wall,14.0,"Meyer et al., 1998",,,https://doi.org/10.1002/(SICI)1096-9861(19980810)397:4%3C493::AID-CNE4%3E3.0.CO;2-X,,Brain,Ohmura 2017,
Rat,Isl1-ir in the lateral ganglionic eminence,14.0,"Wang and Liu, 2001",,,https://doi.org/10.1016/s0306-4522(00)00590-x,,Brain,Ohmura 2017,
Rat,Somatostatin-positive neurons first appear in the hypothalamus,14.0,"Almazan et al. 1989, Shiosaka et al. 1982",,,https://doi.org/10.1016/0165-3806(89)90008-4,,Brain,Ohmura 2017,
Rat,The first IP3R1-positive cells in the Purkinje cell layer,14.0,"Dent et al., 1996",,,https://doi.org/10.1242/dev.122.3.1029,,Brain,Ohmura 2017,
Rat,Thyrotropin-releasing hormone (TRH)-positive cells in the hypothalamus,14.0,"Burgunder and Taylor, 1989",,,https://doi.org/10.1159/000125180,,Brain,Ohmura 2017,
Rat,First oligodendrocyte lineage (PDGF-Rα expression) in spinal cord (ventral),14.0,"Woodruff et al., 2001, Hall et al. 1996",,"Platelet-derived growth factor alpha-receptors (PDGFRα)
are expressed by a subset of neuroepithelial cells in the
ventral half of the embryonic day 14 (E14) rat spinal cord. ""Are expressed in oligodendrocyte lineage cells in the
spinal cord, including the oligodendrogenic part of the ventral
VZ where  Pdgfra+ progenitors originate (Kuhlbrodt et al.,
1998; Lu et al., 2000; Zhou et al., 2000; Takebayashi et al.,
2000). We therefore compared expression of  Sox10, the  Olig
genes and Pdgfra in the rat telencephalon. At E14.5 all of these
were expressed in the anterior hypothalamic neuroepithelium
and in scattered cells in the adjacent SVZ and mantle zone
(Fig. 3A-F)...""",https://doi.org/10.1242/dev.122.12.4085,,Body,Ohmura 2017,
Rat,TH-positive cells in the zona incerta (A13),13.5,"Specht et al., 1981",,,https://doi.org/10.1002/cne.901990207,,Brain,Ohmura 2017,
Rat,First Reelin-positive cells in the marginal zone,12.0,"Meyer et al., 1998",,,https://doi.org/10.1002/(SICI)1096-9861(19980810)397:4%3C493::AID-CNE4%3E3.0.CO;2-X,,Brain,Ohmura 2017,
Rat,First 5-HT-positive cells,12.0,"Wallace and Lauder, 1983",,,https://doi.org/10.1016/0361-9230(83)90144-2,,Brain,Ohmura 2017,
Rat,Calretinin-positive pioneer cells in the marginal zone,11.5,"Meyer et al., 1998",,,https://doi.org/10.1002/(SICI)1096-9861(19980810)397:4%3C493::AID-CNE4%3E3.0.CO;2-X,,Brain,Ohmura 2017,
Rat,First appearance of noradrenergic cells,11.5,"Specht et al., 1981a, Aroca et al., 2006",,,https://doi.org/10.1016/0361-9230(83)90144-2,,Brain,Ohmura 2017,
Rat,TH-positive cells in the midbrain,11.5,"Specht et al., 1981a",,,https://doi.org/10.1002/cne.901990207,,Brain,Ohmura 2017,
Mouse,Airways are covered with smooth muscle and enveloped by nerve trunks,12.0,"Sparrow et al., 1990",,,https://doi.org/10.1165/ajrcmb.20.4.3385,,Body,Ohmura 2017,
Human,Airways are covered with smooth muscle and enveloped by nerve trunks,35.0,"Sparrow et al., 1990",,,https://doi.org/10.1165/ajrcmb.20.4.3385,,Body,Ohmura 2017,
Mouse,Brn3a-positive cells in the ventral mesencephalon,12.5,"Prakash et al., 2009",,"some Pou4f1+ RN neurons coexpress Nkx6-1 (∼9%) or Nkx6-2 (∼15%)(Fig. 1K,O); and a considerable number of Isl1+ OM neurons (∼69%) are Nkx6-1+ but not Nkx6-2+ at E12.5",https://doi.org/10.1242/dev.031781,,Brain,Ohmura 2017,
Human,Brn3a-positive cells in the ventral mesencephalon,38.5,"Nelander et al., 2009","he gesta-
tional age of each embryo was determined by crown-to-rump
length (CRL) measured at the time of dissection",Fig. 2. j,https://doi.org/10.1016/j.gep.2009.10.002,,Brain,Ohmura 2017,52.5
Mouse,Corticotropin-releasing hormone (CRH)-positive cells first appear in the hypothalamus,13.5,"Keegan et al., 1994",,table 2,https://doi.org/10.1210/endo.134.6.8194481,,Brain,Ohmura 2017,
Human,Corticotropin-releasing hormone (CRH)-positive cells first appear in the hypothalamus,105.0,"Bugnon et al., 1983",,-,https://doi.org/10.1016/0304-3940(83)90502-5,,Brain,Ohmura 2017,
Mouse,GABAergic interneurons in dorsal lateral geniculate nucleus (the dLGN),23.0,"Godement et al., 1984",pnd 3,,https://doi.org/10.1002/cne.902300406,,Brain,Ohmura 2017,
Human,GABAergic interneurons in dorsal lateral geniculate nucleus (the dLGN),91.0,"Wadhwa and Bijlani, 1988",,,https://doi.org/10.1016/0736-5748(88)90028-7,,Brain,Ohmura 2017,
Mouse,Gliogenetic stage in the ventral spinal cord,12.5,"Marklund et al., 2014","dice article, pero tiene materiales y metodos","""...neurogenesis and gliogenesis during ventral spinal cordlike differentiation of hESC (B) or mESC (C). Isl1/2+
Tuj1+ MNs arising in differentiating hESCs
(D) and mESCs (E) at neurogenic stages (25 DDC and 5 DDC, respectively). Sox10+ OLPs
arising from Olig2+ progenitor cells in differentiating hESCs (D) and mESCs (E) at gliogenic
stages (45 DDC and 8 DDC, respectively). DDC = days of differentiation culture.""",https://doi.org/10.1089/scd.2013.0309,,Body,Ohmura 2017,
Human,Gliogenetic stage in the ventral spinal cord,28.0,"Marklund et al., 2014",,,https://doi.org/10.1089/scd.2013.0309,,Body,Ohmura 2017,
Mouse,Gonadotropin-releasing hormone-positive cells first detected in the vomeronasal organ,11.0,"Schwanzel-Fukuda and Pfaff, 1989",,"By the 11th day of embryonic age, LHRH immunoreactivity
was detected in the cytoplasm of several cells in the epithelium
of the medial part of the olfactory placode, including the part
that forms the anlage of the vomeronasal organ (Fig. la and 2",https://doi.org/10.1038/338161a0,,Body,Ohmura 2017,
Human,Gonadotropin-releasing hormone-positive cells first detected in the vomeronasal organ,54.0,"Kjær and Fischer Hansen, 1996",,"Positive immunohisto-
chemical reaction for LHRH neurons was pronounced in the vomeronasal organ in
NAS II and III. corresponding approximately to fetal ages 8-12 gestational weeks (21-
51 mm CRL)",https://doi.org/10.1111/j.1600-0722.1996.tb00043.x,,Body,Ohmura 2017,70.0
Mouse,Merkel cells in the skin,17.0,"Van Keymeulen et al., 2009",,"MCs were first detected in the whisker region around embryonic day (E) 15, whereas in the back skin and in the paw epidermis, MCs were detected at E17",https://doi.org/10.1083/jcb.200907080,,Body,Ohmura 2017,
Human,Merkel cells in the skin,42.0,"Moll and Moll, 1992, Kim and Holbrook, 1995",,"Merkel cells 
showed CK20 immunoreactivity as early as 56 d 
estimated gestational age (EGA) in the palmar epi
dermis (133.11 + 44.27 cells/mm2)",https://doi.org/10.1111/1523-1747.ep12665903,,Body,Ohmura 2017,56.0
Mouse,Motor neurons expressing Er81 (Spinal cord),12.0,"Arber et al., 2000",,"Between E13.0 to E14.0, ∼20% of all DRG neurons, defined by Isl1 expression, expressed ER81 and ∼15% expressed PEA3 (Figure 2B; data not shown).",https://doi.org/10.1016/S0092-8674(00)80859-4,,Body,Ohmura 2017,
Human,Motor neurons expressing Er81 (Spinal cord),77.0,"Clowry et al., 2005",,"By 13 GW motoneurones were segregated into distinct columns, all of which expressed EphA4 although only certain lateral groups expressed Er81.",https://doi.org/10.1111/j.1469-7580.2005.00468.x,,Body,Ohmura 2017,91.0
Mouse,Myelination begin in the caudate-putamen,31.0,"Foran and Peterson, 1992",,"""On P. 11, labeled cells appeared in the ventral
commissure of the fornix and in the caudate-putamen (internal
capsule). """,https://doi.org/10.1523/JNEUROSCI.12-12-04890.1992,,Brain,Ohmura 2017,
Human,Myelination begin in the caudate-putamen,231.0,"Hasegawa et al., 1992",,"Then myelination is observed in the striatum, and precentral and postcentral gyri at
35 weeks",https://doi.org/10.1016/s0387-7604(12)80271-3,,Brain,Ohmura 2017,245.0
Mouse,Myelination in the cervical spinal cord,17.0,"Foran and Peterson, 1992",,"""...the number of
myelinating cells within a 1 mm length of cervical cord rose
from approximately 500 on the day of birth to 14,500 on P.6.""",https://doi.org/10.1523/JNEUROSCI.12-12-04890.1992,,Body,Ohmura 2017,
Human,Myelination in the cervical spinal cord,70.0,"Hajihosseini et al., 1996",,""" In the human
spinal cord, myelination begins at approximately 10 –11 weeks of
gestation (WG) ...""",https://doi.org/10.1523/JNEUROSCI.16-24-07981.1996,,Body,Ohmura 2017,
Mouse,Neurophysin-positive cells in the suprachiasmatic nuclei,18.5,"Silverman et al., 1980, ",,"In the suprachiasmatic nucleus neurophysin-positive cells
appeared on E 181/2, just before birth",https://doi.org/10.1016/0196-9781(80)90101-1,,Brain,Ohmura 2017,
Human,Neurophysin-positive cells in the suprachiasmatic nuclei,112.0,"Mai et al., 1997",,"NPH-immunoreactivity in different cell
groups progressing from the supraoptic nucleus at 10 wg to cells in the accessory NPH cell
group at 13 wg, paraventricular nucleus at 14 wg, suprachiasmatic nucleus at 18 wg",https://doi.org/10.1002/(SICI)1096-9861(19970901)385:3%3C477::AID-CNE10%3E3.0.CO;2-H,,Brain,Ohmura 2017,126.0
Mouse,Nrl or Nrl expression in the retina b,12.0,Liu et al. 1996,,"We demonstrate that beginning at embryonic day 12.5 Nrl is expressed throughout the developing central and peripheral nervous system, with the exception of the nasal epithelium.",PMID: 8552394,,Body,Ohmura 2017,
Human,Nrl or Nrl expression in the retina b,73.5,"Hendrickson et al., 2008",,"The early phase begins in rods on the foveal edge at Fwk 10.5 when rods are first identified, and the rod-specific proteins NRL and NR2e3 are detected",https://doi.org/10.1016/j.exer.2008.07.016,,Body,Ohmura 2017,87.5
Mouse,Olig2- and Pax7-expressing cells derived from dorsal spinal cord,15.5,"Marklund et al., 2014",es de mouse el dato,"""In keeping with previous findings, we observed dorsal OLPs in embryonic
day (E) 15.5 mouse embryos (Supplementary Fig. S2M) and also in 10 days (d) old chick
embryos (Supplementary Fig. S2N)""",https://doi.org/10.1089/scd.2013.0309,,Body,Ohmura 2017,
Human,Olig2- and Pax7-expressing cells derived from dorsal spinal cord,56.0,"Marklund et al., 2014",,"""To unravel whether human dorsal spinal cord generates OLPs we used antibodies
to Olig2 together with Pax7 or Pax3, which are exclusive dorsal marker genes (Fig. 3H, I).
Olig2+
Pax7+ and Olig2+
Pax3+
cells emanating from dorsal positions were observed in 10w human
fetuses (Supplementary Fig. S2L; data not shown), suggesting that the human dorsal spinal cord
gives rise to OLPs""",https://doi.org/10.1089/scd.2013.0309,,Body,Ohmura 2017,
Mouse,Onset of arrector pili muscles,25.0,"Fujiwara et al., 2011",,"At P1, bulge-associated α8 integrin-positive cells did not express smooth muscle actin α-SMA (Figure 2M). However, from P5 onward, they were strongly positive for α-SMA (Figures 2N and 2O) and dystrophin (Figure S2F). These results suggest that the α8 integrin-positive fibroblasts associated with the bulge in P1 skin are progenitors of the APM.",DOI: 10.1016/j.cell.2011.01.014,,Body,Ohmura 2017,
Human,Onset of arrector pili muscles,168.0,"Narisawa et al., 1993",, Arrector pili muscles were first observable in a 24-week-old fetus being weakly stained with anti-desmin antibody,https://doi.org/10.1007/BF00371594,,Body,Ohmura 2017,
Mouse,Onset of hair follicle bulge,22.0,"Nowak et al., 2008",,"In order to determine when the quiescent bulge SC population is first specified, we modified in vivo pulse-chase experiments previously employed for labeling adult bulge cells with histone H2B-GFP (Tumbar et al., 2004). Similar to our previous strategy, we used K5-Tetoff mice to control keratin 5 (K5)-positive skin epithelial expression of histone H2B-GFP driven by a tetracycline regulatable enhancer, but in this case, we began our chase at embryonic day 18.5 (E18.5). At this early time, most hair follicles have been specified but are still in the early stages of morphogenesis.
In unchased embryos, all skin epithelial cells displayed H2B-GFP epifluorescence, consistent with strong K5 promoter activity by E13.5 (Figure 1A). After 3 days of chase (P2), the brightest H2B-GFP cells in the epidermis were in nonproliferative suprabasal layers, as expected from the upward mode of terminal differentiation in this tissue",https://doi.org/10.1016/j.stem.2008.05.009,,Body,Ohmura 2017,
Human,Onset of hair follicle bulge,105.0,"Narisawa et al., 1993",,In a 17-week-old fetus sebaceous glands and the bulge of the hair follicle were recognizable and immunoreactive. Merkel cells were present in the bulge and surrounding the acrotrichium (intraepidermal follicular canal),https://doi.org/10.1007/BF00371594,,Body,Ohmura 2017,119.0
Mouse,Tbr2-positive Cajal-Retzius cells first appear in the hippocampus,13.5,"Hodge et al., 2013",,"At E14.5, the majority of Tbr2+ cells in the cortical hem coexpressed p73 (Fig. 2A–A3), and extensive coexpression of Tbr2 and Reelin was also observed at this age, suggesting that most cortical hem-derived Cajal-Retzius cells express Tbr2 during their generation (Fig. 2C,C1).",https://doi.org/10.1523/JNEUROSCI.4185-12.2013,,Brain,Ohmura 2017,
Human,Tbr2-positive Cajal-Retzius cells first appear in the hippocampus,63.0,"Cipriani et al., 2016",,"Gestational Week 11:...Some TBR2+ cells lacking proliferative activity were observed
in the MZ (Fig. 2D), and likely represented a population of Cajal–
Retzius cells as previously described (Abraham et al. 2004; Hodge
et al. 2013).",https://doi.org/10.1093/cercor/bhv079,,Brain,Ohmura 2017,77.0
Rat,Birth,22.5,A.M. HAIN 1935,,Gestation period 22-23 days. Average weight of new-born 5-25g,https://doi.org/10.1113/expphysiol.1936.sp000699,,,Campos-Iorii 2023,
Human,Birth,267.0,Bergsjø 1990,0,"LMP to vaginal birth was 282 days (median), 281 days (mean) and 283 days (mode), remaining constant over the years of study. One standard deviation of the mean was approximately 13 days",https://doi.org/10.3109/00016349009028681,,,Amici,281.0
Human,Birth,269.4,Gjerdevik 2026,0,"Spontaneously conceived pregnancies exhibited a median GAUS at birth of 283.4 (95% CI, 283.4–283.5) days, which is only 0.4 days longer than the eSnurra-calibrated 283 days. Fresh ET pregnancies showed a median GAUS at birth of 282.8",https://doi.org/10.1002/uog.70219,,,Amici,283.4
Human,Cingulum formation,119.0,"Huang et al., 2006",The cingulum and the fornix are two of the most dominant tracts in the fetal brain and their entire trajectories are already developed at 19 gestational weeks.,"""Decussation of the superior cerebellar peduncle is already formed at 19 gestational weeks (Fig. 4b).(...) On axial slices of the midbrain levels (Fig. 4b), it can be seen that the cerebral peduncle,  anterior commissure, and limbic fibers (cingulum and stria terminalis/fornix) are well-formed""",https://doi.org/10.1016/j.neuroimage.2006.06.009,,Brain,Amici,133.0
